ID,Year,Impact.factor,Peer.reviewed,Acoustic.Indices,Taxonomic.group,Environment,Biodiversity.parameter,Diversity.source,Pseudoreplication,Pseudoreplication.type,sample.size,Adjusted.sample.size,Independence,Statistical_test,R2,r,MSE,st_error,t,F,df,Significacion,slope,confidence _interval
1262,2011,2.7,YES,ACI,birds,T,sound_abundance,acoustic,YES,Temporal,60,20,1,spearman,NA,0.94,NA,NA,NA,NA,NA,0.01,NA,NA
1262,2011,2.7,YES,ACI,birds,T,sound_abundance,acoustic,YES,Temporal,600,20,1,spearman,NA,0.77,NA,NA,NA,NA,NA,0.01,NA,NA
1262,2011,2.7,YES,ACI,birds,T,sound_abundance,acoustic,YES,Temporal,600,20,1,spearman,NA,0.79,NA,NA,NA,NA,NA,0.01,NA,NA
1262,2011,2.7,YES,ACI,birds,T,sound_abundance,acoustic,YES,Temporal,600,20,1,spearman,NA,0.8,NA,NA,NA,NA,NA,0.01,NA,NA
1262,2011,2.7,YES,ACI,birds,T,sound_abundance,acoustic,YES,Temporal,600,20,1,spearman,NA,0.82,NA,NA,NA,NA,NA,0.01,NA,NA
53,2019,4.49,YES,ACI,birds,T,richness,acoustic,NO,NA,798,33,1,spearman,NA,-0.02,NA,NA,NA,NA,NA,0.456,NA,"0,020–0,960"
53,2019,4.49,YES,ACI,birds,T,richness,acoustic,NO,NA,258,11,2,spearman,NA,0.3,NA,NA,NA,NA,NA,0.001,NA,"0,001–0,001"
53,2019,4.49,YES,ACI,birds,T,richness,acoustic,NO,NA,771,32,3,spearman,NA,0.5,NA,NA,NA,NA,NA,0.001,NA,"0,001–0,001"
53,2019,4.49,YES,ACI,anurans,T,richness,acoustic,NO,NA,798,33,1,spearman,NA,0,NA,NA,NA,NA,NA,0.498,NA,"0,038–0,972"
53,2019,4.49,YES,ACI,anurans,T,richness,acoustic,NO,NA,258,11,2,spearman,NA,-0.1,NA,NA,NA,NA,NA,0.034,NA,"0,001–0,525"
53,2019,4.49,YES,ACI,anurans,T,richness,acoustic,NO,NA,771,32,3,spearman,NA,0.1,NA,NA,NA,NA,NA,0.041,NA,"0,001–0,771"
53,2019,4.49,YES,H,birds,T,richness,acoustic,NO,NA,798,33,1,spearman,NA,-0.1,NA,NA,NA,NA,NA,0.054,NA,"0,001–0,876"
53,2019,4.49,YES,H,birds,T,richness,acoustic,NO,NA,258,11,2,spearman,NA,-0.3,NA,NA,NA,NA,NA,0.001,NA,"0,001–0,016"
53,2019,4.49,YES,H,birds,T,richness,acoustic,NO,NA,771,32,3,spearman,NA,0.3,NA,NA,NA,NA,NA,0.001,NA,"0,001–0,001"
53,2019,4.49,YES,H,anurans,T,richness,acoustic,NO,NA,798,33,1,spearman,NA,0.1,NA,NA,NA,NA,NA,0.116,NA,"0,001–0,894"
53,2019,4.49,YES,H,anurans,T,richness,acoustic,NO,NA,258,11,2,spearman,NA,0.1,NA,NA,NA,NA,NA,0.217,NA,"0,010–0,930"
53,2019,4.49,YES,H,anurans,T,richness,acoustic,NO,NA,771,32,3,spearman,NA,0.01,NA,NA,NA,NA,NA,0.433,NA,"0,014–0,968"
53,2019,4.49,YES,Hf,birds,T,richness,acoustic,NO,NA,798,33,1,spearman,NA,0.1,NA,NA,NA,NA,NA,0.005,NA,"0,001–0,315"
53,2019,4.49,YES,Hf,birds,T,richness,acoustic,NO,NA,258,11,2,spearman,NA,-0.1,NA,NA,NA,NA,NA,0.273,NA,"0,002–0,935"
53,2019,4.49,YES,Hf,birds,T,richness,acoustic,NO,NA,771,32,3,spearman,NA,0.3,NA,NA,NA,NA,NA,0.001,NA,"0,001–0,001"
53,2019,4.49,YES,Hf,anurans,T,richness,acoustic,NO,NA,798,33,1,spearman,NA,-0.1,NA,NA,NA,NA,NA,0.105,NA,"0,001–0,901"
53,2019,4.49,YES,Hf,anurans,T,richness,acoustic,NO,NA,258,11,2,spearman,NA,-0.01,NA,NA,NA,NA,NA,0.515,NA,"0,026–0,977"
53,2019,4.49,YES,Hf,anurans,T,richness,acoustic,NO,NA,771,32,3,spearman,NA,0,NA,NA,NA,NA,NA,0.462,NA,"0,020–0,973"
53,2019,4.49,YES,Ht,birds,T,richness,acoustic,NO,NA,798,33,1,spearman,NA,-0.3,NA,NA,NA,NA,NA,0.001,NA,"0,001–0,001"
53,2019,4.49,YES,Ht,birds,T,richness,acoustic,NO,NA,258,11,2,spearman,NA,-0.4,NA,NA,NA,NA,NA,0.001,NA,"0,001–0,001"
53,2019,4.49,YES,Ht,birds,T,richness,acoustic,NO,NA,771,32,3,spearman,NA,-0.4,NA,NA,NA,NA,NA,0.001,NA,"0,001–0,001"
53,2019,4.49,YES,Ht,anurans,T,richness,acoustic,NO,NA,798,33,1,spearman,NA,0.1,NA,NA,NA,NA,NA,0.001,NA,"0,001–0,001"
53,2019,4.49,YES,Ht,anurans,T,richness,acoustic,NO,NA,258,11,2,spearman,NA,0.1,NA,NA,NA,NA,NA,0.024,NA,"0,002–0,194"
53,2019,4.49,YES,Ht,anurans,T,richness,acoustic,NO,NA,771,32,3,spearman,NA,0.01,NA,NA,NA,NA,NA,0.328,NA,"0,010–0,961"
53,2019,4.49,YES,ADI,birds,T,richness,acoustic,NO,NA,798,33,1,spearman,NA,-0.3,NA,NA,NA,NA,NA,0.001,NA,"0,001–0,001"
53,2019,4.49,YES,ADI,birds,T,richness,acoustic,NO,NA,258,11,2,spearman,NA,-0.2,NA,NA,NA,NA,NA,0.001,NA,"0,001–0,022"
53,2019,4.49,YES,ADI,birds,T,richness,acoustic,NO,NA,771,32,3,spearman,NA,-0.1,NA,NA,NA,NA,NA,0.02,NA,"0,001–0,492"
53,2019,4.49,YES,ADI,anurans,T,richness,acoustic,NO,NA,798,33,1,spearman,NA,0.1,NA,NA,NA,NA,NA,0.001,NA,"0,001–0,032"
53,2019,4.49,YES,ADI,anurans,T,richness,acoustic,NO,NA,258,11,2,spearman,NA,0.1,NA,NA,NA,NA,NA,0.208,NA,"0,052–0,815"
53,2019,4.49,YES,ADI,anurans,T,richness,acoustic,NO,NA,771,32,3,spearman,NA,0.1,NA,NA,NA,NA,NA,0.117,NA,"0,001–0,882"
53,2019,4.49,YES,AEI,birds,T,richness,acoustic,NO,NA,798,33,1,spearman,NA,0.3,NA,NA,NA,NA,NA,0.001,NA,"0,001–0,001"
53,2019,4.49,YES,AEI,birds,T,richness,acoustic,NO,NA,258,11,2,spearman,NA,0.3,NA,NA,NA,NA,NA,0.001,NA,"0,001–0,001"
53,2019,4.49,YES,AEI,birds,T,richness,acoustic,NO,NA,771,32,3,spearman,NA,0.2,NA,NA,NA,NA,NA,0.001,NA,"0,001–0,001"
53,2019,4.49,YES,AEI,anurans,T,richness,acoustic,NO,NA,798,33,1,spearman,NA,-0.2,NA,NA,NA,NA,NA,0.001,NA,"0,001–0,001"
53,2019,4.49,YES,AEI,anurans,T,richness,acoustic,NO,NA,258,11,2,spearman,NA,-0.1,NA,NA,NA,NA,NA,0.092,NA,"0,006–0,787"
53,2019,4.49,YES,AEI,anurans,T,richness,acoustic,NO,NA,771,32,3,spearman,NA,-0.1,NA,NA,NA,NA,NA,0.024,NA,"0,001–0,613"
53,2019,4.49,YES,BIO,birds,T,richness,acoustic,NO,NA,798,33,1,spearman,NA,-0.1,NA,NA,NA,NA,NA,0.001,NA,"0,001–0,004"
53,2019,4.49,YES,BIO,birds,T,richness,acoustic,NO,NA,258,11,2,spearman,NA,0.2,NA,NA,NA,NA,NA,0.002,NA,"0,001–0,482"
53,2019,4.49,YES,BIO,birds,T,richness,acoustic,NO,NA,771,32,3,spearman,NA,0.3,NA,NA,NA,NA,NA,0.001,NA,"0,001–0,001"
53,2019,4.49,YES,BIO,anurans,T,richness,acoustic,NO,NA,798,33,1,spearman,NA,0.1,NA,NA,NA,NA,NA,0.001,NA,"0,001–0,009"
53,2019,4.49,YES,BIO,anurans,T,richness,acoustic,NO,NA,258,11,2,spearman,NA,-0.1,NA,NA,NA,NA,NA,0.044,NA,"0,001–0,655"
53,2019,4.49,YES,BIO,anurans,T,richness,acoustic,NO,NA,771,32,3,spearman,NA,-0.2,NA,NA,NA,NA,NA,0.001,NA,"0,001–0,001"
11,2016,4.26,YES,ACI,fish,A,richness,no_acoustic,NO,NA,8,8,1,spearman,NA,0.67,NA,NA,NA,NA,NA,0.07,NA,NA
11,2016,4.26,YES,ACI,fish,A,richness,no_acoustic,NO,NA,8,8,2,spearman,NA,0.81,NA,NA,NA,NA,NA,0.01,NA,NA
11,2016,4.26,YES,ACI,fish,A,richness,no_acoustic,NO,NA,8,8,3,spearman,NA,0.54,NA,NA,NA,NA,NA,0.17,NA,NA
11,2016,4.26,YES,ACI,fish,A,richness,no_acoustic,NO,NA,8,8,4,spearman,NA,0.58,NA,NA,NA,NA,NA,0.13,NA,NA
11,2016,4.26,YES,ACI,fish,A,abundance,no_acoustic,NO,NA,8,8,1,spearman,NA,-0.12,NA,NA,NA,NA,NA,0.79,NA,NA
11,2016,4.26,YES,ACI,fish,A,abundance,no_acoustic,NO,NA,8,8,2,spearman,NA,0.28,NA,NA,NA,NA,NA,0.5,NA,NA
11,2016,4.26,YES,ACI,fish,A,abundance,no_acoustic,NO,NA,8,8,3,spearman,NA,-0.17,NA,NA,NA,NA,NA,0.7,NA,NA
11,2016,4.26,YES,ACI,fish,A,abundance,no_acoustic,NO,NA,8,8,4,spearman,NA,-0.05,NA,NA,NA,NA,NA,0.93,NA,NA
11,2016,4.26,YES,ACI,fish,A,diversity,no_acoustic,NO,NA,8,8,1,spearman,NA,0.76,NA,NA,NA,NA,NA,0.03,NA,NA
11,2016,4.26,YES,ACI,fish,A,diversity,no_acoustic,NO,NA,8,8,2,spearman,NA,0.38,NA,NA,NA,NA,NA,0.36,NA,NA
11,2016,4.26,YES,ACI,fish,A,diversity,no_acoustic,NO,NA,8,8,3,spearman,NA,0.67,NA,NA,NA,NA,NA,0.07,NA,NA
11,2016,4.26,YES,ACI,fish,A,diversity,no_acoustic,NO,NA,8,8,4,spearman,NA,0.57,NA,NA,NA,NA,NA,0.15,NA,NA
11,2016,4.26,YES,ACI,fish,A,richness,no_acoustic,NO,NA,8,8,1,spearman,NA,0.71,NA,NA,NA,NA,NA,0.04,NA,NA
11,2016,4.26,YES,ACI,fish,A,richness,no_acoustic,NO,NA,8,8,2,spearman,NA,0.78,NA,NA,NA,NA,NA,0.03,NA,NA
11,2016,4.26,YES,ACI,fish,A,richness,no_acoustic,NO,NA,8,8,3,spearman,NA,0.55,NA,NA,NA,NA,NA,0.17,NA,NA
11,2016,4.26,YES,ACI,fish,A,richness,no_acoustic,NO,NA,8,8,4,spearman,NA,0.59,NA,NA,NA,NA,NA,0.13,NA,NA
11,2016,4.26,YES,ACI,fish,A,abundance,no_acoustic,NO,NA,8,8,1,spearman,NA,-0.12,NA,NA,NA,NA,NA,0.79,NA,NA
11,2016,4.26,YES,ACI,fish,A,abundance,no_acoustic,NO,NA,8,8,2,spearman,NA,0.28,NA,NA,NA,NA,NA,0.5,NA,NA
11,2016,4.26,YES,ACI,fish,A,abundance,no_acoustic,NO,NA,8,8,3,spearman,NA,-0.17,NA,NA,NA,NA,NA,0.7,NA,NA
11,2016,4.26,YES,ACI,fish,A,abundance,no_acoustic,NO,NA,8,8,4,spearman,NA,-0.04,NA,NA,NA,NA,NA,0.93,NA,NA
251,2016,2.44,YES,ACI,birds,T,sound_abundance,acoustic,NO,NA,25380,282,1,GLM,0.694,NA,NA,NA,NA,NA,NA,0.001,NA,NA
251,2016,2.44,YES,ACI,birds,T,sound_abundance,acoustic,NO,NA,25380,282,1,GLM,0.25,NA,NA,NA,NA,NA,NA,0.002,NA,NA
251,2016,2.44,YES,ACI,birds,T,sound_abundance,acoustic,NO,NA,25380,282,1,GLM,0.16,NA,NA,NA,NA,NA,NA,0.003,NA,NA
251,2016,2.44,YES,ACI,birds,T,richness,acoustic,NO,NA,12960,72,2,GLM,0.5,NA,NA,0.007,3.143,NA,NA,0.01,0.022,NA
251,2016,2.44,YES,ACI,birds,T,diversity,acoustic,NO,NA,12960,72,2,GLM,0.32,NA,NA,0.12,2.083,NA,NA,0.06,0.25,NA
251,2016,2.44,YES,ACI,birds,T,diversity,acoustic,NO,NA,12960,72,2,GLM,0.24,NA,NA,0.4,1.8,NA,NA,0.1,0.72,NA
2,2015,2.18,YES,ACI,invertebrates,A,sound_richness,acoustic,YES,Spatial_temporal,332,4,1,spearman,NA,0.1,NA,NA,NA,NA,NA,0.001,NA,NA
2,2015,2.18,YES,ACI,invertebrates,A,sound_abundance,acoustic,YES,Spatial_temporal,332,4,1,spearman,NA,0.08,NA,NA,NA,NA,NA,0.001,NA,NA
2,2015,2.18,YES,Ht,invertebrates,A,sound_richness,acoustic,YES,Spatial_temporal,332,4,1,spearman,NA,-0.02,NA,NA,NA,NA,NA,0.001,NA,NA
2,2015,2.18,YES,Ht,invertebrates,A,sound_abundance,acoustic,YES,Spatial_temporal,332,4,1,spearman,NA,-0.04,NA,NA,NA,NA,NA,0.001,NA,NA
2,2015,2.18,YES,Hf,invertebrates,A,sound_richness,acoustic,YES,Spatial_temporal,332,4,1,spearman,NA,0.06,NA,NA,NA,NA,NA,0.001,NA,NA
2,2015,2.18,YES,Hf,invertebrates,A,sound_abundance,acoustic,YES,Spatial_temporal,332,4,1,spearman,NA,0,NA,NA,NA,NA,NA,0.001,NA,NA
2,2015,2.18,YES,M,invertebrates,A,sound_richness,acoustic,YES,Spatial_temporal,332,4,1,spearman,NA,0.11,NA,NA,NA,NA,NA,0.001,NA,NA
2,2015,2.18,YES,M,invertebrates,A,sound_abundance,acoustic,YES,Spatial_temporal,332,4,1,spearman,NA,0.15,NA,NA,NA,NA,NA,0.001,NA,NA
2,2015,2.18,YES,AR,invertebrates,A,sound_richness,acoustic,YES,Spatial_temporal,332,4,1,spearman,NA,0.2,NA,NA,NA,NA,NA,0.05,NA,NA
2,2015,2.18,YES,AR,invertebrates,A,sound_abundance,acoustic,YES,Spatial_temporal,332,4,1,spearman,NA,0.19,NA,NA,NA,NA,NA,0.05,NA,NA
2,2015,2.18,YES,NP,invertebrates,A,sound_richness,acoustic,YES,Spatial_temporal,332,4,1,spearman,NA,0,NA,NA,NA,NA,NA,0.001,NA,NA
2,2015,2.18,YES,NP,invertebrates,A,sound_abundance,acoustic,YES,Spatial_temporal,332,4,1,spearman,NA,0.02,NA,NA,NA,NA,NA,0.001,NA,NA
2,2015,2.18,YES,ACI,invertebrates,A,sound_richness,acoustic,YES,Spatial_temporal,332,4,1,spearman,NA,0.49,NA,NA,NA,NA,NA,0.001,NA,NA
2,2015,2.18,YES,ACI,invertebrates,A,sound_abundance,acoustic,YES,Spatial_temporal,332,4,1,spearman,NA,0.5,NA,NA,NA,NA,NA,0.001,NA,NA
2,2015,2.18,YES,Ht,invertebrates,A,sound_richness,acoustic,YES,Spatial_temporal,332,4,1,spearman,NA,-0.5,NA,NA,NA,NA,NA,0.001,NA,NA
2,2015,2.18,YES,Ht,invertebrates,A,sound_abundance,acoustic,YES,Spatial_temporal,332,4,1,spearman,NA,-0.53,NA,NA,NA,NA,NA,0.001,NA,NA
2,2015,2.18,YES,Hf,invertebrates,A,sound_richness,acoustic,YES,Spatial_temporal,332,4,1,spearman,NA,-0.3,NA,NA,NA,NA,NA,0.001,NA,NA
2,2015,2.18,YES,Hf,invertebrates,A,sound_abundance,acoustic,YES,Spatial_temporal,332,4,1,spearman,NA,-0.34,NA,NA,NA,NA,NA,0.001,NA,NA
2,2015,2.18,YES,M,invertebrates,A,sound_richness,acoustic,YES,Spatial_temporal,332,4,1,spearman,NA,0.44,NA,NA,NA,NA,NA,0.001,NA,NA
2,2015,2.18,YES,M,invertebrates,A,sound_abundance,acoustic,YES,Spatial_temporal,332,4,1,spearman,NA,0.47,NA,NA,NA,NA,NA,0.001,NA,NA
2,2015,2.18,YES,AR,invertebrates,A,sound_richness,acoustic,YES,Spatial_temporal,332,4,1,spearman,NA,-0.04,NA,NA,NA,NA,NA,0.05,NA,NA
2,2015,2.18,YES,AR,invertebrates,A,sound_abundance,acoustic,YES,Spatial_temporal,332,4,1,spearman,NA,-0.06,NA,NA,NA,NA,NA,0.05,NA,NA
2,2015,2.18,YES,NP,invertebrates,A,sound_richness,acoustic,YES,Spatial_temporal,332,4,1,spearman,NA,0.34,NA,NA,NA,NA,NA,0.001,NA,NA
2,2015,2.18,YES,NP,invertebrates,A,sound_abundance,acoustic,YES,Spatial_temporal,332,4,1,spearman,NA,0.36,NA,NA,NA,NA,NA,0.001,NA,NA
89,2017,1.82,YES,ACI,birds,T,richness,acoustic,YES,Temporal,180,60,1,pearson,NA,0.597,NA,NA,NA,NA,NA,NA,NA,NA
89,2017,1.82,YES,ACI,birds,T,sound_abundance,acoustic,YES,Temporal,180,60,1,pearson,NA,0.898,NA,NA,NA,NA,NA,0.7,NA,NA
89,2017,1.82,YES,ADI,birds,T,richness,acoustic,YES,Temporal,180,60,1,pearson,NA,-0.953,NA,NA,NA,NA,NA,0.7,NA,NA
89,2017,1.82,YES,ADI,birds,T,sound_abundance,acoustic,YES,Temporal,180,60,1,pearson,NA,-0.709,NA,NA,NA,NA,NA,0.7,NA,NA
89,2017,1.82,YES,AEI,birds,T,richness,acoustic,YES,Temporal,180,60,1,pearson,NA,0.978,NA,NA,NA,NA,NA,0.7,NA,NA
89,2017,1.82,YES,AEI,birds,T,sound_abundance,acoustic,YES,Temporal,180,60,1,pearson,NA,0.774,NA,NA,NA,NA,NA,0.7,NA,NA
89,2017,1.82,YES,H,birds,T,richness,acoustic,YES,Temporal,180,60,1,pearson,NA,0.795,NA,NA,NA,NA,NA,0.7,NA,NA
89,2017,1.82,YES,H,birds,T,sound_abundance,acoustic,YES,Temporal,180,60,1,pearson,NA,0.985,NA,NA,NA,NA,NA,0.7,NA,NA
89,2017,1.82,YES,BIO,birds,T,richness,acoustic,YES,Temporal,180,60,1,pearson,NA,-0.544,NA,NA,NA,NA,NA,NA,NA,NA
89,2017,1.82,YES,BIO,birds,T,sound_abundance,acoustic,YES,Temporal,180,60,1,pearson,NA,-0.099,NA,NA,NA,NA,NA,NA,NA,NA
89,2017,1.82,YES,NDSI,birds,T,richness,acoustic,YES,Temporal,180,60,1,pearson,NA,0.027,NA,NA,NA,NA,NA,NA,NA,NA
89,2017,1.82,YES,NDSI,birds,T,sound_abundance,acoustic,YES,Temporal,180,60,1,pearson,NA,0.483,NA,NA,NA,NA,NA,NA,NA,NA
9,2016,5.71,YES,ACI,fish,A,diversity,no_acoustic,NO,NA,9,9,1,pearson,NA,0.73,NA,NA,NA,NA,NA,0.05,NA,NA
9,2016,5.71,YES,ACI,fish,A,diversity,no_acoustic,NO,NA,9,9,1,pearson,NA,0.81,NA,NA,NA,NA,NA,0.01,NA,NA
9,2016,5.71,YES,ACI,fish,A,richness,no_acoustic,NO,NA,9,9,1,pearson,NA,0.28,NA,NA,NA,NA,NA,0.75,NA,NA
9,2016,5.71,YES,AR,fish,A,diversity,no_acoustic,NO,NA,9,9,1,pearson,NA,0.1,NA,NA,NA,NA,NA,0.98,NA,NA
9,2016,5.71,YES,AR,fish,A,diversity,no_acoustic,NO,NA,9,9,1,pearson,NA,0.31,NA,NA,NA,NA,NA,0.41,NA,NA
9,2016,5.71,YES,AR,fish,A,richness,no_acoustic,NO,NA,9,9,1,pearson,NA,0.49,NA,NA,NA,NA,NA,0.18,NA,NA
9,2016,5.71,YES,H,fish,A,diversity,no_acoustic,NO,NA,9,9,1,pearson,NA,-0.18,NA,NA,NA,NA,NA,0.649,NA,NA
9,2016,5.71,YES,H,fish,A,diversity,no_acoustic,NO,NA,9,9,1,pearson,NA,-0.03,NA,NA,NA,NA,NA,0.94,NA,NA
9,2016,5.71,YES,H,fish,A,richness,no_acoustic,NO,NA,9,9,1,pearson,NA,0.28,NA,NA,NA,NA,NA,0.47,NA,NA
9,2016,5.71,YES,H,fish,A,diversity,no_acoustic,NO,NA,9,9,1,pearson,NA,0.21,NA,NA,NA,NA,NA,0.58,NA,NA
9,2016,5.71,YES,H,fish,A,diversity,no_acoustic,NO,NA,9,9,1,pearson,NA,0.61,NA,NA,NA,NA,NA,0.05,NA,NA
9,2016,5.71,YES,H,fish,A,richness,no_acoustic,NO,NA,9,9,1,pearson,NA,0.65,NA,NA,NA,NA,NA,0.05,NA,NA
9,2016,5.71,YES,H,fish,A,diversity,no_acoustic,NO,NA,9,9,1,pearson,NA,0.23,NA,NA,NA,NA,NA,0.55,NA,NA
9,2016,5.71,YES,H,fish,A,diversity,no_acoustic,NO,NA,9,9,1,pearson,NA,0.61,NA,NA,NA,NA,NA,0.05,NA,NA
9,2016,5.71,YES,H,fish,A,richness,no_acoustic,NO,NA,9,9,1,pearson,NA,0.64,NA,NA,NA,NA,NA,0.05,NA,NA
9,2016,5.71,YES,H,fish,A,diversity,no_acoustic,NO,NA,9,9,1,pearson,NA,0.24,NA,NA,NA,NA,NA,0.52,NA,NA
9,2016,5.71,YES,H,fish,A,diversity,no_acoustic,NO,NA,9,9,1,pearson,NA,0.61,NA,NA,NA,NA,NA,0.05,NA,NA
9,2016,5.71,YES,H,fish,A,richness,no_acoustic,NO,NA,9,9,1,pearson,NA,0.64,NA,NA,NA,NA,NA,0.05,NA,NA
2977,2018,4.49,YES,ACI,birds,T,richness,acoustic,YES,spatial,96,9,1,spearman,NA,0.5,NA,NA,NA,NA,NA,0,NA,NA
2977,2018,4.49,YES,ACI,birds,T,richness,acoustic,YES,spatial,96,9,2,spearman,NA,0.29,NA,NA,NA,NA,NA,0.003,NA,NA
2977,2018,4.49,YES,BIO,birds,T,richness,acoustic,YES,spatial,96,9,1,spearman,NA,0.38,NA,NA,NA,NA,NA,0,NA,NA
2977,2018,4.49,YES,BIO,birds,T,richness,acoustic,YES,spatial,96,9,2,spearman,NA,0.28,NA,NA,NA,NA,NA,0.005,NA,NA
2977,2018,4.49,YES,AEI,birds,T,richness,acoustic,YES,spatial,96,9,1,spearman,NA,0.29,NA,NA,NA,NA,NA,0.004,NA,NA
2977,2018,4.49,YES,AEI,birds,T,richness,acoustic,YES,spatial,96,9,2,spearman,NA,0.46,NA,NA,NA,NA,NA,0,NA,NA
2977,2018,4.49,YES,ADI,birds,T,richness,acoustic,YES,spatial,96,9,1,spearman,NA,-0.25,NA,NA,NA,NA,NA,0.014,NA,NA
2977,2018,4.49,YES,ADI,birds,T,richness,acoustic,YES,spatial,96,9,2,spearman,NA,-0.42,NA,NA,NA,NA,NA,0,NA,NA
2977,2018,4.49,YES,NDSI,birds,T,richness,acoustic,YES,spatial,96,9,1,spearman,NA,0.31,NA,NA,NA,NA,NA,0.002,NA,NA
2977,2018,4.49,YES,NDSI,birds,T,richness,acoustic,YES,spatial,96,9,2,spearman,NA,0.31,NA,NA,NA,NA,NA,0.001,NA,NA
2977,2018,4.49,YES,H,birds,T,richness,acoustic,YES,spatial,96,9,1,spearman,NA,-0.14,NA,NA,NA,NA,NA,0.16,NA,NA
2977,2018,4.49,YES,H,birds,T,richness,acoustic,YES,spatial,96,9,2,spearman,NA,-0.15,NA,NA,NA,NA,NA,0.14,NA,NA
2740,2017,3.98,YES,H,birds,T,richness,no_acoustic,NO,NA,47,47,1,pearson,NA,0.51,NA,NA,NA,NA,NA,NA,NA,NA
2740,2017,3.98,YES,H,birds,T,richness,no_acoustic,NO,NA,47,47,2,pearson,NA,0.59,NA,NA,NA,NA,NA,NA,NA,NA
2740,2017,3.98,YES,H,birds,T,richness,no_acoustic,NO,NA,50,50,3,pearson,NA,0.36,NA,NA,NA,NA,NA,NA,NA,NA
2740,2017,3.98,YES,H,birds,T,diversity,no_acoustic,NO,NA,47,47,1,pearson,NA,0.49,NA,NA,NA,NA,NA,NA,NA,NA
2740,2017,3.98,YES,H,birds,T,diversity,no_acoustic,NO,NA,47,47,2,pearson,NA,0.66,NA,NA,NA,NA,NA,NA,NA,NA
2740,2017,3.98,YES,H,birds,T,diversity,no_acoustic,NO,NA,50,50,3,pearson,NA,0.3,NA,NA,NA,NA,NA,NA,NA,NA
2740,2017,3.98,YES,H,birds,T,richness,no_acoustic,NO,NA,10,10,4,pearson,NA,0.4,0.23,NA,NA,NA,NA,NA,NA,NA
2740,2017,3.98,YES,H,birds,T,richness,no_acoustic,NO,NA,10,10,5,pearson,NA,0.44,0.24,NA,NA,NA,NA,NA,NA,NA
2740,2017,3.98,YES,H,birds,T,richness,no_acoustic,NO,NA,10,10,6,pearson,NA,0.39,0.25,NA,NA,NA,NA,NA,NA,NA
2740,2017,3.98,YES,H,birds,T,richness,no_acoustic,NO,NA,10,10,7,pearson,NA,0.4,0.25,NA,NA,NA,NA,NA,NA,NA
2740,2017,3.98,YES,H,birds,T,richness,no_acoustic,NO,NA,10,10,8,pearson,NA,0.4,0.24,NA,NA,NA,NA,NA,NA,NA
2740,2017,3.98,YES,H,birds,T,richness,no_acoustic,NO,NA,10,10,9,pearson,NA,0.43,0.23,NA,NA,NA,NA,NA,NA,NA
2740,2017,3.98,YES,ADI,birds,T,richness,no_acoustic,NO,NA,47,47,1,pearson,NA,0.35,NA,NA,NA,NA,NA,NA,NA,NA
2740,2017,3.98,YES,ADI,birds,T,richness,no_acoustic,NO,NA,47,47,2,pearson,NA,0.55,NA,NA,NA,NA,NA,NA,NA,NA
2740,2017,3.98,YES,ADI,birds,T,richness,no_acoustic,NO,NA,50,50,3,pearson,NA,0.56,NA,NA,NA,NA,NA,NA,NA,NA
2740,2017,3.98,YES,ADI,birds,T,diversity,no_acoustic,NO,NA,47,47,1,pearson,NA,0.36,NA,NA,NA,NA,NA,NA,NA,NA
2740,2017,3.98,YES,ADI,birds,T,diversity,no_acoustic,NO,NA,47,47,2,pearson,NA,0.62,NA,NA,NA,NA,NA,NA,NA,NA
2740,2017,3.98,YES,ADI,birds,T,diversity,no_acoustic,NO,NA,50,50,3,pearson,NA,0.47,NA,NA,NA,NA,NA,NA,NA,NA
2740,2017,3.98,YES,ADI,birds,T,richness,no_acoustic,NO,NA,10,10,4,pearson,NA,0.54,0.16,NA,NA,NA,NA,NA,NA,NA
2740,2017,3.98,YES,ADI,birds,T,richness,no_acoustic,NO,NA,10,10,5,pearson,NA,0.57,0.16,NA,NA,NA,NA,NA,NA,NA
2740,2017,3.98,YES,ADI,birds,T,richness,no_acoustic,NO,NA,10,10,6,pearson,NA,0.55,0.18,NA,NA,NA,NA,NA,NA,NA
2740,2017,3.98,YES,ADI,birds,T,richness,no_acoustic,NO,NA,10,10,7,pearson,NA,0.55,0.17,NA,NA,NA,NA,NA,NA,NA
2740,2017,3.98,YES,ADI,birds,T,richness,no_acoustic,NO,NA,10,10,8,pearson,NA,0.54,0.16,NA,NA,NA,NA,NA,NA,NA
2740,2017,3.98,YES,ADI,birds,T,richness,no_acoustic,NO,NA,10,10,9,pearson,NA,0.56,0.17,NA,NA,NA,NA,NA,NA,NA
2740,2017,3.98,YES,AEI,birds,T,richness,no_acoustic,NO,NA,47,47,1,pearson,NA,-0.4,NA,NA,NA,NA,NA,NA,NA,NA
2740,2017,3.98,YES,AEI,birds,T,richness,no_acoustic,NO,NA,47,47,2,pearson,NA,-0.54,NA,NA,NA,NA,NA,NA,NA,NA
2740,2017,3.98,YES,AEI,birds,T,richness,no_acoustic,NO,NA,50,50,3,pearson,NA,-0.57,NA,NA,NA,NA,NA,NA,NA,NA
2740,2017,3.98,YES,AEI,birds,T,diversity,no_acoustic,NO,NA,47,47,1,pearson,NA,-0.39,NA,NA,NA,NA,NA,NA,NA,NA
2740,2017,3.98,YES,AEI,birds,T,diversity,no_acoustic,NO,NA,47,47,2,pearson,NA,-0.61,NA,NA,NA,NA,NA,NA,NA,NA
2740,2017,3.98,YES,AEI,birds,T,diversity,no_acoustic,NO,NA,50,50,3,pearson,NA,-0.46,NA,NA,NA,NA,NA,NA,NA,NA
2740,2017,3.98,YES,AEI,birds,T,richness,no_acoustic,NO,NA,10,10,4,pearson,NA,-0.58,0.18,NA,NA,NA,NA,NA,NA,NA
2740,2017,3.98,YES,AEI,birds,T,richness,no_acoustic,NO,NA,10,10,5,pearson,NA,-0.59,0.18,NA,NA,NA,NA,NA,NA,NA
2740,2017,3.98,YES,AEI,birds,T,richness,no_acoustic,NO,NA,10,10,6,pearson,NA,-0.59,0.19,NA,NA,NA,NA,NA,NA,NA
2740,2017,3.98,YES,AEI,birds,T,richness,no_acoustic,NO,NA,10,10,7,pearson,NA,-0.59,0.18,NA,NA,NA,NA,NA,NA,NA
2740,2017,3.98,YES,AEI,birds,T,richness,no_acoustic,NO,NA,10,10,8,pearson,NA,-0.57,0.18,NA,NA,NA,NA,NA,NA,NA
2740,2017,3.98,YES,AEI,birds,T,richness,no_acoustic,NO,NA,10,10,9,pearson,NA,-0.59,0.18,NA,NA,NA,NA,NA,NA,NA
2740,2017,3.98,YES,AR,birds,T,richness,no_acoustic,NO,NA,47,47,1,pearson,NA,-0.46,NA,NA,NA,NA,NA,NA,NA,NA
2740,2017,3.98,YES,AR,birds,T,richness,no_acoustic,NO,NA,47,47,2,pearson,NA,-0.24,NA,NA,NA,NA,NA,NA,NA,NA
2740,2017,3.98,YES,AR,birds,T,richness,no_acoustic,NO,NA,50,50,3,pearson,NA,-0.08,NA,NA,NA,NA,NA,NA,NA,NA
2740,2017,3.98,YES,AR,birds,T,diversity,no_acoustic,NO,NA,47,47,1,pearson,NA,-0.45,NA,NA,NA,NA,NA,NA,NA,NA
2740,2017,3.98,YES,AR,birds,T,diversity,no_acoustic,NO,NA,47,47,2,pearson,NA,-0.24,NA,NA,NA,NA,NA,NA,NA,NA
2740,2017,3.98,YES,AR,birds,T,diversity,no_acoustic,NO,NA,50,50,3,pearson,NA,-0.1,NA,NA,NA,NA,NA,NA,NA,NA
2740,2017,3.98,YES,AR,birds,T,richness,no_acoustic,NO,NA,10,10,4,pearson,NA,-0.1,0.34,NA,NA,NA,NA,NA,NA,NA
2740,2017,3.98,YES,AR,birds,T,richness,no_acoustic,NO,NA,10,10,5,pearson,NA,-0.1,0.34,NA,NA,NA,NA,NA,NA,NA
2740,2017,3.98,YES,AR,birds,T,richness,no_acoustic,NO,NA,10,10,6,pearson,NA,-0.06,0.33,NA,NA,NA,NA,NA,NA,NA
2740,2017,3.98,YES,AR,birds,T,richness,no_acoustic,NO,NA,10,10,7,pearson,NA,-0.06,0.35,NA,NA,NA,NA,NA,NA,NA
2740,2017,3.98,YES,AR,birds,T,richness,no_acoustic,NO,NA,10,10,8,pearson,NA,-0.07,0.35,NA,NA,NA,NA,NA,NA,NA
2740,2017,3.98,YES,AR,birds,T,richness,no_acoustic,NO,NA,10,10,9,pearson,NA,-0.1,0.37,NA,NA,NA,NA,NA,NA,NA
2740,2017,3.98,YES,ACI,birds,T,richness,no_acoustic,NO,NA,47,47,1,pearson,NA,0.21,NA,NA,NA,NA,NA,NA,NA,NA
2740,2017,3.98,YES,ACI,birds,T,richness,no_acoustic,NO,NA,47,47,2,pearson,NA,-0.03,NA,NA,NA,NA,NA,NA,NA,NA
2740,2017,3.98,YES,ACI,birds,T,richness,no_acoustic,NO,NA,50,50,3,pearson,NA,0.04,NA,NA,NA,NA,NA,NA,NA,NA
2740,2017,3.98,YES,ACI,birds,T,diversity,no_acoustic,NO,NA,47,47,1,pearson,NA,0.16,NA,NA,NA,NA,NA,NA,NA,NA
2740,2017,3.98,YES,ACI,birds,T,diversity,no_acoustic,NO,NA,47,47,2,pearson,NA,0.06,NA,NA,NA,NA,NA,NA,NA,NA
2740,2017,3.98,YES,ACI,birds,T,diversity,no_acoustic,NO,NA,50,50,3,pearson,NA,0.06,NA,NA,NA,NA,NA,NA,NA,NA
2740,2017,3.98,YES,ACI,birds,T,richness,no_acoustic,NO,NA,10,10,4,pearson,NA,0.07,0.34,NA,NA,NA,NA,NA,NA,NA
2740,2017,3.98,YES,ACI,birds,T,richness,no_acoustic,NO,NA,10,10,5,pearson,NA,0.03,0.3,NA,NA,NA,NA,NA,NA,NA
2740,2017,3.98,YES,ACI,birds,T,richness,no_acoustic,NO,NA,10,10,6,pearson,NA,0.07,0.31,NA,NA,NA,NA,NA,NA,NA
2740,2017,3.98,YES,ACI,birds,T,richness,no_acoustic,NO,NA,10,10,7,pearson,NA,0.03,0.29,NA,NA,NA,NA,NA,NA,NA
2740,2017,3.98,YES,ACI,birds,T,richness,no_acoustic,NO,NA,10,10,8,pearson,NA,0.11,0.34,NA,NA,NA,NA,NA,NA,NA
2740,2017,3.98,YES,ACI,birds,T,richness,no_acoustic,NO,NA,10,10,9,pearson,NA,0.09,0.29,NA,NA,NA,NA,NA,NA,NA
2740,2017,3.98,YES,BIO,birds,T,richness,no_acoustic,NO,NA,47,47,1,pearson,NA,-0.34,NA,NA,NA,NA,NA,NA,NA,NA
2740,2017,3.98,YES,BIO,birds,T,richness,no_acoustic,NO,NA,47,47,2,pearson,NA,0.23,NA,NA,NA,NA,NA,NA,NA,NA
2740,2017,3.98,YES,BIO,birds,T,richness,no_acoustic,NO,NA,50,50,3,pearson,NA,0.37,NA,NA,NA,NA,NA,NA,NA,NA
2740,2017,3.98,YES,BIO,birds,T,diversity,no_acoustic,NO,NA,47,47,1,pearson,NA,-0.29,NA,NA,NA,NA,NA,NA,NA,NA
2740,2017,3.98,YES,BIO,birds,T,diversity,no_acoustic,NO,NA,47,47,2,pearson,NA,0.2,NA,NA,NA,NA,NA,NA,NA,NA
2740,2017,3.98,YES,BIO,birds,T,diversity,no_acoustic,NO,NA,50,50,3,pearson,NA,0.22,NA,NA,NA,NA,NA,NA,NA,NA
2740,2017,3.98,YES,BIO,birds,T,richness,no_acoustic,NO,NA,10,10,4,pearson,NA,0.19,0.29,NA,NA,NA,NA,NA,NA,NA
2740,2017,3.98,YES,BIO,birds,T,richness,no_acoustic,NO,NA,10,10,5,pearson,NA,0.22,0.29,NA,NA,NA,NA,NA,NA,NA
2740,2017,3.98,YES,BIO,birds,T,richness,no_acoustic,NO,NA,10,10,6,pearson,NA,0.22,0.26,NA,NA,NA,NA,NA,NA,NA
2740,2017,3.98,YES,BIO,birds,T,richness,no_acoustic,NO,NA,10,10,7,pearson,NA,0.23,0.3,NA,NA,NA,NA,NA,NA,NA
2740,2017,3.98,YES,BIO,birds,T,richness,no_acoustic,NO,NA,10,10,8,pearson,NA,0.23,0.28,NA,NA,NA,NA,NA,NA,NA
2740,2017,3.98,YES,BIO,birds,T,richness,no_acoustic,NO,NA,10,10,9,pearson,NA,0.2,0.32,NA,NA,NA,NA,NA,NA,NA
2740,2017,3.98,YES,NDSI,birds,T,richness,no_acoustic,NO,NA,47,47,1,pearson,NA,-0.01,NA,NA,NA,NA,NA,NA,NA,NA
2740,2017,3.98,YES,NDSI,birds,T,richness,no_acoustic,NO,NA,47,47,2,pearson,NA,0.54,NA,NA,NA,NA,NA,NA,NA,NA
2740,2017,3.98,YES,NDSI,birds,T,richness,no_acoustic,NO,NA,50,50,3,pearson,NA,0.35,NA,NA,NA,NA,NA,NA,NA,NA
2740,2017,3.98,YES,NDSI,birds,T,diversity,no_acoustic,NO,NA,47,47,1,pearson,NA,-0.01,NA,NA,NA,NA,NA,NA,NA,NA
2740,2017,3.98,YES,NDSI,birds,T,diversity,no_acoustic,NO,NA,47,47,2,pearson,NA,0.6,NA,NA,NA,NA,NA,NA,NA,NA
2740,2017,3.98,YES,NDSI,birds,T,diversity,no_acoustic,NO,NA,50,50,3,pearson,NA,0.27,NA,NA,NA,NA,NA,NA,NA,NA
2740,2017,3.98,YES,NDSI,birds,T,richness,no_acoustic,NO,NA,10,10,4,pearson,NA,0.36,0.31,NA,NA,NA,NA,NA,NA,NA
2740,2017,3.98,YES,NDSI,birds,T,richness,no_acoustic,NO,NA,10,10,5,pearson,NA,0.45,0.29,NA,NA,NA,NA,NA,NA,NA
2740,2017,3.98,YES,NDSI,birds,T,richness,no_acoustic,NO,NA,10,10,6,pearson,NA,0.32,0.34,NA,NA,NA,NA,NA,NA,NA
2740,2017,3.98,YES,NDSI,birds,T,richness,no_acoustic,NO,NA,10,10,7,pearson,NA,0.37,0.32,NA,NA,NA,NA,NA,NA,NA
2740,2017,3.98,YES,NDSI,birds,T,richness,no_acoustic,NO,NA,10,10,8,pearson,NA,0.42,0.32,NA,NA,NA,NA,NA,NA,NA
2740,2017,3.98,YES,NDSI,birds,T,richness,no_acoustic,NO,NA,10,10,9,pearson,NA,0.41,0.32,NA,NA,NA,NA,NA,NA,NA
13,2013,2.48,YES,ACI,invertebrates,A,sound_abundance,acoustic,YES,spatial,45,5,1,pearson,NA,0.83,NA,NA,NA,NA,NA,0.01,NA,NA
13,2013,2.48,YES,ADI,invertebrates,A,sound_abundance,acoustic,YES,spatial,45,5,1,pearson,NA,0.87,NA,NA,NA,NA,NA,0.01,NA,NA
37,2016,0,NO,ACI,fish,A,sound_abundance,acoustic,YES,Spatial_temporal,40,4,1,spearman,NA,0.302,NA,NA,NA,NA,NA,0.059,NA,NA
14,2016,1.22,YES,ACI,birds,T,richness,acoustic,NO,NA,8,8,1,spearman,NA,0.16,NA,NA,NA,NA,NA,0.701,NA,NA
14,2016,1.22,YES,ACI,birds,T,richness,no_acoustic,NO,NA,8,8,1,spearman,NA,0.73,NA,NA,NA,NA,NA,0.041,NA,NA
14,2016,1.22,YES,H,birds,T,richness,acoustic,NO,NA,8,8,1,spearman,NA,0.42,NA,NA,NA,NA,NA,0.3,NA,NA
14,2016,1.22,YES,H,birds,T,richness,no_acoustic,NO,NA,8,8,1,spearman,NA,0.51,NA,NA,NA,NA,NA,0.041,NA,NA
17,2015,0,NO,ACI,birds,T,richness,acoustic,YES,Temporal,30,4,1,spearman,NA,0.36,NA,NA,NA,NA,NA,0.01,NA,NA
427,2015,3.19,YES,NDSI,birds,T,richness,acoustic,NO,NA,380,380,1,LMM,NA,NA,NA,0.006,2.96,NA,17,0.009,0.017,NA
427,2015,3.19,YES,H,birds,T,richness,acoustic,NO,NA,380,380,1,LMM,NA,NA,NA,0.001,2.498,NA,17,0.023,0.003,NA
427,2015,3.19,YES,AEI,birds,T,richness,acoustic,NO,NA,380,380,1,LMM,NA,NA,NA,0.004,-1.682,NA,17,0.111,0.006,NA
427,2015,3.19,YES,ADI,birds,T,richness,acoustic,NO,NA,380,380,1,LMM,NA,NA,NA,0.007,0.768,NA,17,0.453,0.005,NA
427,2015,3.19,YES,BIO,birds,T,richness,acoustic,NO,NA,380,380,1,LMM,NA,NA,NA,6.222,-1.056,NA,17,0.306,-6.573,NA
427,2015,3.19,YES,ACI,birds,T,richness,acoustic,NO,NA,380,380,1,LMM,NA,NA,NA,7.496,0.979,NA,17,0.341,7.341,NA
6,2007,3.57,YES,BIO,birds,T,abundance,no_acoustic,NO,NA,8,8,1,lineal_regresion,0.82,0.906,0.82,NA,NA,NA,NA,NA,0.79,NA
70,2018,4.01,YES,ACI,fish,A,sound_abundance,acoustic,NO,NA,9,9,1,spearman,NA,-0.36,NA,NA,NA,NA,NA,0.328,NA,NA
70,2018,4.01,YES,ACI,fish,A,sound_abundance,acoustic,NO,NA,9,9,1,spearman,NA,-0.05,NA,NA,NA,NA,NA,0.89,NA,NA
70,2018,4.01,YES,ACI,fish,A,sound_abundance,acoustic,NO,NA,9,9,2,spearman,NA,0.52,NA,NA,NA,NA,NA,0.144,NA,NA
70,2018,4.01,YES,ACI,fish,A,sound_abundance,acoustic,NO,NA,3,3,2,spearman,NA,0.025,NA,NA,NA,NA,NA,0.447,NA,NA
70,2018,4.01,YES,ACI,fish,A,sound_richness,acoustic,NO,NA,9,9,1,spearman,NA,0.52,NA,NA,NA,NA,NA,0.144,NA,NA
70,2018,4.01,YES,ACI,fish,A,sound_richness,acoustic,NO,NA,9,9,2,spearman,NA,0.1,NA,NA,NA,NA,NA,0.787,NA,NA
70,2018,4.01,YES,ACI,fish,A,sound_abundance,acoustic,NO,NA,9,9,3,spearman,NA,0.66,NA,NA,NA,NA,NA,0.03,NA,NA
70,2018,4.01,YES,ACI,fish,A,sound_richness,acoustic,NO,NA,9,9,3,spearman,NA,0.85,NA,NA,NA,NA,NA,0.001,NA,NA
70,2018,4.01,YES,ACI,fish,A,sound_abundance,acoustic,NO,NA,10,10,2,spearman,NA,0.42,NA,NA,NA,NA,NA,0.001,NA,NA
70,2018,4.01,YES,ACI,fish,A,sound_richness,acoustic,NO,NA,10,10,2,spearman,NA,0.44,NA,NA,NA,NA,NA,0.001,NA,NA
70,2018,4.01,YES,ACI,fish,A,sound_abundance,acoustic,YES,Temporal,613,25,4,spearman,NA,0.7,NA,NA,NA,NA,NA,0,NA,NA
70,2018,4.01,YES,ACI,fish,A,sound_richness,acoustic,YES,Temporal,613,25,4,spearman,NA,0.68,NA,NA,NA,NA,NA,0,NA,NA
70,2018,4.01,YES,ACI,fish,A,sound_abundance,acoustic,YES,Temporal,613,25,4,spearman,NA,-0.25,NA,NA,NA,NA,NA,0,NA,NA
70,2018,4.01,YES,ACI,fish,A,sound_richness,acoustic,YES,Temporal,613,25,4,spearman,NA,-0.33,NA,NA,NA,NA,NA,0,NA,NA
70,2018,4.01,YES,ACI,fish,A,sound_abundance,acoustic,YES,Temporal,613,25,4,spearman,NA,-0.25,NA,NA,NA,NA,NA,0,NA,NA
70,2018,4.01,YES,ACI,fish,A,sound_richness,acoustic,YES,Temporal,613,25,4,spearman,NA,-0.28,NA,NA,NA,NA,NA,0,NA,NA
70,2018,4.01,YES,ACI,fish,A,sound_abundance,acoustic,YES,Temporal,613,25,4,spearman,NA,0.65,NA,NA,NA,NA,NA,0,NA,NA
70,2018,4.01,YES,ACI,fish,A,sound_richness,acoustic,YES,Temporal,613,25,4,spearman,NA,0.64,NA,NA,NA,NA,NA,0,NA,NA
70,2018,4.01,YES,ACI,fish,A,sound_abundance,acoustic,YES,Temporal,613,25,4,spearman,NA,0.37,NA,NA,NA,NA,NA,0,NA,NA
70,2018,4.01,YES,ACI,fish,A,sound_richness,acoustic,YES,Temporal,613,25,4,spearman,NA,0.31,NA,NA,NA,NA,NA,0,NA,NA
70,2018,4.01,YES,ACI,fish,A,sound_abundance,acoustic,YES,Temporal,613,25,4,spearman,NA,-0.08,NA,NA,NA,NA,NA,0.001,NA,NA
70,2018,4.01,YES,ACI,fish,A,sound_richness,acoustic,YES,Temporal,613,25,4,spearman,NA,-0.13,NA,NA,NA,NA,NA,0.041,NA,NA
70,2018,4.01,YES,ACI,fish,A,sound_richness,acoustic,YES,Temporal,613,25,4,spearman,NA,0.68,NA,NA,NA,NA,NA,0,NA,NA
70,2018,4.01,YES,ACI,fish,A,sound_abundance,acoustic,YES,Temporal,613,25,4,spearman,NA,0.7,NA,NA,NA,NA,NA,0,NA,NA
4,2014,1.73,YES,H,mammals,A,sound_abundance,acoustic,YES,Temporal,48,4,1,lineal_regresion,0.002,0.045,NA,NA,NA,0.1,NA,0.75,NA,NA
4,2014,1.73,YES,H,mammals,A,sound_abundance,acoustic,YES,Temporal,48,4,1,lineal_regresion,0.225,0.474,NA,NA,NA,13.48,NA,0.001,NA,NA
1177,2011,2.17,YES,H,birds,T,richness,acoustic,YES,spatial,68,5,1,pearson,NA,0.18,NA,NA,NA,NA,NA,0.02,NA,NA
2745,2008,4.81,YES,H,several,T,richness,acoustic,NO,NA,10,10,1,pearson,NA,0.938,NA,NA,NA,NA,NA,NA,NA,-0.05
2986,2017,2.72,YES,ACI,birds,T,richness,acoustic,YES,Spatial_temporal,6,6,1,pearson,NA,0.24,NA,NA,NA,NA,NA,0.001,NA,NA
54,2019,4.49,YES,H,mammals,T,sound_abundance,acoustic,NA,simulations,12,12,1,spearman,NA,1,NA,NA,NA,NA,NA,0.01,NA,NA
54,2019,4.49,YES,H,mammals,T,sound_abundance,acoustic,NA,simulations,12,12,1,pearson,NA,0.914,NA,NA,NA,NA,NA,NA,NA,NA
54,2019,4.49,YES,H,mammals,T,sound_abundance,acoustic,NA,simulations,12,12,1,pearson,NA,0.887,NA,NA,NA,NA,NA,NA,NA,NA
54,2019,4.49,YES,H,mammals,T,sound_abundance,acoustic,NA,simulations,12,12,3,pearson,NA,0.978,NA,NA,NA,NA,NA,NA,NA,NA
54,2019,4.49,YES,H,mammals,T,sound_abundance,acoustic,NA,simulations,12,12,3,pearson,NA,0.949,NA,NA,NA,NA,NA,NA,NA,NA
54,2019,4.49,YES,H,mammals,T,sound_abundance,acoustic,NA,simulations,12,12,3,pearson,NA,0.995,NA,NA,NA,NA,NA,NA,NA,NA
54,2019,4.49,YES,Hf,mammals,T,sound_abundance,acoustic,NA,simulations,12,12,1,spearman,NA,1,NA,NA,NA,NA,NA,0.01,NA,NA
54,2019,4.49,YES,Hf,mammals,T,sound_abundance,acoustic,NA,simulations,12,12,1,pearson,NA,0.931,NA,NA,NA,NA,NA,NA,NA,NA
54,2019,4.49,YES,Hf,mammals,T,sound_abundance,acoustic,NA,simulations,12,12,1,pearson,NA,0.931,NA,NA,NA,NA,NA,NA,NA,NA
54,2019,4.49,YES,Hf,mammals,T,sound_abundance,acoustic,NA,simulations,12,12,3,pearson,NA,0.997,NA,NA,NA,NA,NA,NA,NA,NA
54,2019,4.49,YES,Hf,mammals,T,sound_abundance,acoustic,NA,simulations,12,12,3,pearson,NA,0.951,NA,NA,NA,NA,NA,NA,NA,NA
54,2019,4.49,YES,Hf,mammals,T,sound_abundance,acoustic,NA,simulations,12,12,3,pearson,NA,0.986,NA,NA,NA,NA,NA,NA,NA,NA
54,2019,4.49,YES,Ht,mammals,T,sound_abundance,acoustic,NA,simulations,12,12,1,spearman,NA,1,NA,NA,NA,NA,NA,0.01,NA,NA
54,2019,4.49,YES,Ht,mammals,T,sound_abundance,acoustic,NA,simulations,12,12,1,pearson,NA,0.91,NA,NA,NA,NA,NA,NA,NA,NA
54,2019,4.49,YES,Ht,mammals,T,sound_abundance,acoustic,NA,simulations,12,12,1,pearson,NA,0.491,NA,NA,NA,NA,NA,NA,NA,NA
54,2019,4.49,YES,Ht,mammals,T,sound_abundance,acoustic,NA,simulations,12,12,3,pearson,NA,NA,NA,NA,NA,NA,NA,NA,NA,NA
54,2019,4.49,YES,Ht,mammals,T,sound_abundance,acoustic,NA,simulations,12,12,3,pearson,NA,NA,NA,NA,NA,NA,NA,NA,NA,NA
54,2019,4.49,YES,Ht,mammals,T,sound_abundance,acoustic,NA,simulations,12,12,3,pearson,NA,NA,NA,NA,NA,NA,NA,NA,NA,NA
54,2019,4.49,YES,M,mammals,T,sound_abundance,acoustic,NA,simulations,12,12,1,spearman,NA,1,NA,NA,NA,NA,NA,0.01,NA,NA
54,2019,4.49,YES,M,mammals,T,sound_abundance,acoustic,NA,simulations,12,12,1,pearson,NA,NA,NA,NA,NA,NA,NA,NA,NA,NA
54,2019,4.49,YES,M,mammals,T,sound_abundance,acoustic,NA,simulations,12,12,1,pearson,NA,NA,NA,NA,NA,NA,NA,NA,NA,NA
54,2019,4.49,YES,M,mammals,T,sound_abundance,acoustic,NA,simulations,12,12,3,pearson,NA,NA,NA,NA,NA,NA,NA,NA,NA,NA
54,2019,4.49,YES,M,mammals,T,sound_abundance,acoustic,NA,simulations,12,12,3,pearson,NA,NA,NA,NA,NA,NA,NA,NA,NA,NA
54,2019,4.49,YES,M,mammals,T,sound_abundance,acoustic,NA,simulations,12,12,3,pearson,NA,NA,NA,NA,NA,NA,NA,NA,NA,NA
54,2019,4.49,YES,ACI,mammals,T,sound_abundance,acoustic,NA,simulations,12,12,1,spearman,NA,1,NA,NA,NA,NA,NA,0.01,NA,NA
54,2019,4.49,YES,ACI,mammals,T,sound_abundance,acoustic,NA,simulations,12,12,1,pearson,NA,0.94,NA,NA,NA,NA,NA,NA,NA,NA
54,2019,4.49,YES,ACI,mammals,T,sound_abundance,acoustic,NA,simulations,12,12,1,pearson,NA,0.94,NA,NA,NA,NA,NA,NA,NA,NA
54,2019,4.49,YES,ACI,mammals,T,sound_abundance,acoustic,NA,simulations,12,12,3,pearson,NA,0.311,NA,NA,NA,NA,NA,NA,NA,NA
54,2019,4.49,YES,ACI,mammals,T,sound_abundance,acoustic,NA,simulations,12,12,3,pearson,NA,0.863,NA,NA,NA,NA,NA,NA,NA,NA
54,2019,4.49,YES,ACI,mammals,T,sound_abundance,acoustic,NA,simulations,12,12,3,pearson,NA,0.94,NA,NA,NA,NA,NA,NA,NA,NA
54,2019,4.49,YES,AR,mammals,T,sound_abundance,acoustic,NA,simulations,12,12,1,spearman,NA,1,NA,NA,NA,NA,NA,0.01,NA,NA
54,2019,4.49,YES,AR,mammals,T,sound_abundance,acoustic,NA,simulations,12,12,1,pearson,NA,0.977,NA,NA,NA,NA,NA,NA,NA,NA
54,2019,4.49,YES,AR,mammals,T,sound_abundance,acoustic,NA,simulations,12,12,1,pearson,NA,0.98,NA,NA,NA,NA,NA,NA,NA,NA
54,2019,4.49,YES,AR,mammals,T,sound_abundance,acoustic,NA,simulations,12,12,3,pearson,NA,0.987,NA,NA,NA,NA,NA,NA,NA,NA
54,2019,4.49,YES,AR,mammals,T,sound_abundance,acoustic,NA,simulations,12,12,3,pearson,NA,0.99,NA,NA,NA,NA,NA,NA,NA,NA
54,2019,4.49,YES,AR,mammals,T,sound_abundance,acoustic,NA,simulations,12,12,3,pearson,NA,0.987,NA,NA,NA,NA,NA,NA,NA,NA
60,2019,2.36,YES,ACI,fish,A,diversity,no_acoustic,NO,NA,7,7,1,lineal_regresion,NA,0.18,0.41,NA,NA,NA,NA,0.632,1.05,NA
60,2019,2.36,YES,ACI,fish,A,diversity,no_acoustic,NO,NA,7,7,2,lineal_regresion,NA,0.46,0.37,NA,NA,NA,NA,0.322,67.3,NA
60,2019,2.36,YES,ACI,fish,A,diversity,no_acoustic,NO,NA,7,7,1,lineal_regresion,NA,0.079,0.445,NA,NA,NA,NA,0.751,1.42,NA
60,2019,2.36,YES,ACI,fish,A,diversity,no_acoustic,NO,NA,7,7,2,lineal_regresion,NA,0.35,0.43,NA,NA,NA,NA,0.409,106,NA
60,2019,2.36,YES,ACI,fish,A,abundance,no_acoustic,NO,NA,7,7,1,lineal_regresion,NA,-0.35,0.38,NA,NA,NA,NA,0.388,-0.02,NA
60,2019,2.36,YES,ACI,fish,A,abundance,no_acoustic,NO,NA,7,7,2,lineal_regresion,NA,0.52,0.29,NA,NA,NA,NA,0.208,-0.75,NA
77,2017,3.98,YES,ACI,several,T,richness,acoustic,NO,NA,375,105,1,GLM,NA,NA,NA,0.43,9.674,NA,NA,NA,4.16,NA
77,2017,3.98,YES,ACI,several,T,richness,acoustic,NO,NA,375,105,2,GLM,NA,NA,NA,NA,NA,NA,NA,NA,NA,NA
77,2017,3.98,YES,ADI,several,T,richness,acoustic,NO,NA,375,105,1,GLM,NA,NA,NA,NA,NA,NA,NA,NA,NA,NA
77,2017,3.98,YES,ADI,several,T,richness,acoustic,NO,NA,375,105,2,GLM,NA,NA,NA,0.13,-2,NA,NA,NA,-0.26,NA
77,2017,3.98,YES,BIO,several,T,richness,acoustic,NO,NA,375,105,1,LMM,NA,NA,NA,0.2,4.75,NA,NA,NA,0.95,NA
77,2017,3.98,YES,NDSI,several,T,richness,acoustic,NO,NA,375,105,1,LMM,NA,NA,NA,0.02,4.5,NA,NA,NA,0.09,NA
80,2017,2.28,YES,H,fish,A,richness,no_acoustic,NO,NA,4,4,1,spearman,NA,0.1,NA,NA,NA,NA,NA,1,NA,NA
80,2017,2.28,YES,H,fish,A,diversity,no_acoustic,NO,NA,4,4,1,spearman,NA,-0.1,NA,NA,NA,NA,NA,0.7,NA,NA
80,2017,2.28,YES,H,fish,A,abundance,no_acoustic,NO,NA,4,4,1,spearman,NA,0.1,NA,NA,NA,NA,NA,1,NA,NA
80,2017,2.28,YES,H,fish,A,richness,no_acoustic,NO,NA,4,4,1,spearman,NA,-0.05,NA,NA,NA,NA,NA,0.8,NA,NA
80,2017,2.28,YES,H,fish,A,diversity,no_acoustic,NO,NA,4,4,1,spearman,NA,-0.2,NA,NA,NA,NA,NA,0.2,NA,NA
80,2017,2.28,YES,H,fish,A,abundance,no_acoustic,NO,NA,4,4,1,spearman,NA,0.2,NA,NA,NA,NA,NA,0.6,NA,NA
80,2017,2.28,YES,H,fish,A,richness,no_acoustic,NO,NA,4,4,1,spearman,NA,0.7,NA,NA,NA,NA,NA,0,NA,NA
80,2017,2.28,YES,H,fish,A,abundance,no_acoustic,NO,NA,4,4,1,spearman,NA,0.7,NA,NA,NA,NA,NA,0,NA,NA
80,2017,2.28,YES,H,fish,A,richness,no_acoustic,NO,NA,4,4,2,spearman,NA,0.5,NA,NA,NA,NA,NA,0.2,NA,NA
80,2017,2.28,YES,H,fish,A,diversity,no_acoustic,NO,NA,4,4,2,spearman,NA,-0.1,NA,NA,NA,NA,NA,0.8,NA,NA
80,2017,2.28,YES,H,fish,A,abundance,no_acoustic,NO,NA,4,4,2,spearman,NA,0.3,NA,NA,NA,NA,NA,0.3,NA,NA
80,2017,2.28,YES,H,fish,A,richness,no_acoustic,NO,NA,4,4,2,spearman,NA,0,NA,NA,NA,NA,NA,0.8,NA,NA
80,2017,2.28,YES,H,fish,A,diversity,no_acoustic,NO,NA,4,4,2,spearman,NA,-0.3,NA,NA,NA,NA,NA,0.3,NA,NA
80,2017,2.28,YES,H,fish,A,abundance,no_acoustic,NO,NA,4,4,2,spearman,NA,0.3,NA,NA,NA,NA,NA,0.2,NA,NA
80,2017,2.28,YES,H,fish,A,richness,no_acoustic,NO,NA,4,4,2,spearman,NA,0.6,NA,NA,NA,NA,NA,0,NA,NA
80,2017,2.28,YES,H,fish,A,abundance,no_acoustic,NO,NA,4,4,2,spearman,NA,0.6,NA,NA,NA,NA,NA,0.2,NA,NA
80,2017,2.28,YES,H,fish,A,diversity,no_acoustic,NO,NA,4,4,3,spearman,NA,0.3,NA,NA,NA,NA,NA,0.5,NA,NA
80,2017,2.28,YES,H,fish,A,abundance,no_acoustic,NO,NA,4,4,3,spearman,NA,0,NA,NA,NA,NA,NA,1,NA,NA
80,2017,2.28,YES,H,fish,A,richness,no_acoustic,NO,NA,4,4,3,spearman,NA,-0.1,NA,NA,NA,NA,NA,0.8,NA,NA
80,2017,2.28,YES,H,fish,A,richness,no_acoustic,NO,NA,4,4,3,spearman,NA,-0.2,NA,NA,NA,NA,NA,0.2,NA,NA
80,2017,2.28,YES,H,fish,A,diversity,no_acoustic,NO,NA,4,4,3,spearman,NA,-0.1,NA,NA,NA,NA,NA,0.8,NA,NA
80,2017,2.28,YES,H,fish,A,abundance,no_acoustic,NO,NA,4,4,3,spearman,NA,-0.05,NA,NA,NA,NA,NA,0.8,NA,NA
80,2017,2.28,YES,H,fish,A,richness,no_acoustic,NO,NA,4,4,3,spearman,NA,0.4,NA,NA,NA,NA,NA,0.3,NA,NA
80,2017,2.28,YES,H,fish,A,abundance,no_acoustic,NO,NA,4,4,3,spearman,NA,0.6,NA,NA,NA,NA,NA,0.4,NA,NA
80,2017,2.28,YES,H,fish,A,diversity,no_acoustic,NO,NA,4,4,4,spearman,NA,0,NA,NA,NA,NA,NA,0.9,NA,NA
80,2017,2.28,YES,H,fish,A,abundance,no_acoustic,NO,NA,4,4,4,spearman,NA,-0.05,NA,NA,NA,NA,NA,0.9,NA,NA
80,2017,2.28,YES,H,fish,A,richness,no_acoustic,NO,NA,4,4,4,spearman,NA,0,NA,NA,NA,NA,NA,1,NA,NA
80,2017,2.28,YES,H,fish,A,richness,no_acoustic,NO,NA,4,4,4,spearman,NA,-0.1,NA,NA,NA,NA,NA,0.7,NA,NA
80,2017,2.28,YES,H,fish,A,diversity,no_acoustic,NO,NA,4,4,4,spearman,NA,-0.2,NA,NA,NA,NA,NA,0.3,NA,NA
80,2017,2.28,YES,H,fish,A,abundance,no_acoustic,NO,NA,4,4,4,spearman,NA,0,NA,NA,NA,NA,NA,0.8,NA,NA
80,2017,2.28,YES,H,fish,A,richness,no_acoustic,NO,NA,4,4,4,spearman,NA,0.6,NA,NA,NA,NA,NA,0.2,NA,NA
80,2017,2.28,YES,H,fish,A,abundance,no_acoustic,NO,NA,4,4,4,spearman,NA,0.6,NA,NA,NA,NA,NA,0,NA,NA
80,2017,2.28,YES,ACI,fish,A,richness,no_acoustic,NO,NA,4,4,1,spearman,NA,-0.3,NA,NA,NA,NA,NA,0.2,NA,NA
80,2017,2.28,YES,ACI,fish,A,diversity,no_acoustic,NO,NA,4,4,1,spearman,NA,0.3,NA,NA,NA,NA,NA,0.6,NA,NA
80,2017,2.28,YES,ACI,fish,A,abundance,no_acoustic,NO,NA,4,4,1,spearman,NA,-0.5,NA,NA,NA,NA,NA,0.2,NA,NA
80,2017,2.28,YES,ACI,fish,A,richness,no_acoustic,NO,NA,4,4,1,spearman,NA,-0.3,NA,NA,NA,NA,NA,0.2,NA,NA
80,2017,2.28,YES,ACI,fish,A,diversity,no_acoustic,NO,NA,4,4,1,spearman,NA,-0.3,NA,NA,NA,NA,NA,0.4,NA,NA
80,2017,2.28,YES,ACI,fish,A,abundance,no_acoustic,NO,NA,4,4,1,spearman,NA,0,NA,NA,NA,NA,NA,0.9,NA,NA
80,2017,2.28,YES,ACI,fish,A,richness,no_acoustic,NO,NA,4,4,1,spearman,NA,0,NA,NA,NA,NA,NA,0.8,NA,NA
80,2017,2.28,YES,ACI,fish,A,abundance,no_acoustic,NO,NA,4,4,1,spearman,NA,0.2,NA,NA,NA,NA,NA,0.7,NA,NA
80,2017,2.28,YES,ACI,fish,A,richness,no_acoustic,NO,NA,4,4,2,spearman,NA,0,NA,NA,NA,NA,NA,0.8,NA,NA
80,2017,2.28,YES,ACI,fish,A,diversity,no_acoustic,NO,NA,4,4,2,spearman,NA,0.6,NA,NA,NA,NA,NA,0.2,NA,NA
80,2017,2.28,YES,ACI,fish,A,abundance,no_acoustic,NO,NA,4,4,2,spearman,NA,-0.3,NA,NA,NA,NA,NA,0.5,NA,NA
80,2017,2.28,YES,ACI,fish,A,richness,no_acoustic,NO,NA,4,4,2,spearman,NA,-0.1,NA,NA,NA,NA,NA,0.7,NA,NA
80,2017,2.28,YES,ACI,fish,A,diversity,no_acoustic,NO,NA,4,4,2,spearman,NA,-0.3,NA,NA,NA,NA,NA,0.6,NA,NA
80,2017,2.28,YES,ACI,fish,A,abundance,no_acoustic,NO,NA,4,4,2,spearman,NA,0.2,NA,NA,NA,NA,NA,0.6,NA,NA
80,2017,2.28,YES,ACI,fish,A,richness,no_acoustic,NO,NA,4,4,2,spearman,NA,0.2,NA,NA,NA,NA,NA,0.7,NA,NA
80,2017,2.28,YES,ACI,fish,A,abundance,no_acoustic,NO,NA,4,4,2,spearman,NA,0.2,NA,NA,NA,NA,NA,0.7,NA,NA
80,2017,2.28,YES,ACI,fish,A,diversity,no_acoustic,NO,NA,4,4,3,spearman,NA,-0.3,NA,NA,NA,NA,NA,0.6,NA,NA
80,2017,2.28,YES,ACI,fish,A,abundance,no_acoustic,NO,NA,4,4,3,spearman,NA,0.2,NA,NA,NA,NA,NA,0.6,NA,NA
80,2017,2.28,YES,ACI,fish,A,richness,no_acoustic,NO,NA,4,4,3,spearman,NA,-0.5,NA,NA,NA,NA,NA,0.2,NA,NA
80,2017,2.28,YES,ACI,fish,A,richness,no_acoustic,NO,NA,4,4,3,spearman,NA,-0.4,NA,NA,NA,NA,NA,0.2,NA,NA
80,2017,2.28,YES,ACI,fish,A,diversity,no_acoustic,NO,NA,4,4,3,spearman,NA,-0.1,NA,NA,NA,NA,NA,0.7,NA,NA
80,2017,2.28,YES,ACI,fish,A,abundance,no_acoustic,NO,NA,4,4,3,spearman,NA,-0.1,NA,NA,NA,NA,NA,0.8,NA,NA
80,2017,2.28,YES,ACI,fish,A,richness,no_acoustic,NO,NA,4,4,3,spearman,NA,-0.1,NA,NA,NA,NA,NA,0.8,NA,NA
80,2017,2.28,YES,ACI,fish,A,abundance,no_acoustic,NO,NA,4,4,3,spearman,NA,0,NA,NA,NA,NA,NA,1,NA,NA
80,2017,2.28,YES,ACI,fish,A,diversity,no_acoustic,NO,NA,4,4,4,spearman,NA,-0.2,NA,NA,NA,NA,NA,0.5,NA,NA
80,2017,2.28,YES,ACI,fish,A,abundance,no_acoustic,NO,NA,4,4,4,spearman,NA,0.2,NA,NA,NA,NA,NA,0.6,NA,NA
80,2017,2.28,YES,ACI,fish,A,richness,no_acoustic,NO,NA,4,4,4,spearman,NA,-0.5,NA,NA,NA,NA,NA,0.2,NA,NA
80,2017,2.28,YES,ACI,fish,A,richness,no_acoustic,NO,NA,4,4,4,spearman,NA,-0.4,NA,NA,NA,NA,NA,0.2,NA,NA
80,2017,2.28,YES,ACI,fish,A,diversity,no_acoustic,NO,NA,4,4,4,spearman,NA,-0.1,NA,NA,NA,NA,NA,0.8,NA,NA
80,2017,2.28,YES,ACI,fish,A,abundance,no_acoustic,NO,NA,4,4,4,spearman,NA,-0.1,NA,NA,NA,NA,NA,0.8,NA,NA
80,2017,2.28,YES,ACI,fish,A,richness,no_acoustic,NO,NA,4,4,4,spearman,NA,0,NA,NA,NA,NA,NA,1,NA,NA
80,2017,2.28,YES,ACI,fish,A,abundance,no_acoustic,NO,NA,4,4,4,spearman,NA,0,NA,NA,NA,NA,NA,0.8,NA,NA
86,2018,3.4,YES,ACI,anurans,T,sound_abundance,acoustic,YES,Temporal,7920,33,1,spearman,0.29,0.539,NA,NA,NA,NA,NA,0.001,NA,NA
86,2018,3.4,YES,ACI,anurans,T,sound_abundance,acoustic,YES,Temporal,7920,33,2,spearman,0.12,0.346,NA,NA,NA,NA,NA,0.05,NA,NA
86,2018,3.4,YES,ACI,anurans,T,sound_abundance,acoustic,YES,Temporal,7920,33,3,spearman,0.06,0.245,NA,NA,NA,NA,NA,0.05,NA,NA
86,2018,3.4,YES,Ht,anurans,T,sound_abundance,acoustic,YES,Temporal,7920,33,1,spearman,0.34,0.583,NA,NA,NA,NA,NA,0.001,NA,NA
86,2018,3.4,YES,Ht,anurans,T,sound_abundance,acoustic,YES,Temporal,7920,33,2,spearman,0.16,0.4,NA,NA,NA,NA,NA,0.01,NA,NA
86,2018,3.4,YES,Ht,anurans,T,sound_abundance,acoustic,YES,Temporal,7920,33,3,spearman,0.19,0.436,NA,NA,NA,NA,NA,0.001,NA,NA
87,2018,4.49,YES,ACI,birds,T,richness,acoustic,YES,Spatial_temporal,1976,4,1,spearman,NA,0.6,NA,NA,NA,NA,NA,0.001,NA,NA
87,2018,4.49,YES,ACI,birds,T,richness,acoustic,YES,Spatial_temporal,1976,4,1,spearman,NA,0.5,NA,NA,NA,NA,NA,0.001,NA,NA
87,2018,4.49,YES,ACI,birds,T,richness,acoustic,YES,Spatial_temporal,1976,4,1,spearman,NA,0.6,NA,NA,NA,NA,NA,0.001,NA,NA
87,2018,4.49,YES,ACI,birds,T,richness,acoustic,YES,Spatial_temporal,1976,4,1,spearman,NA,0.58,NA,NA,NA,NA,NA,0.001,NA,NA
87,2018,4.49,YES,ACI,birds,T,richness,acoustic,YES,Spatial_temporal,1976,4,1,spearman,NA,0.38,NA,NA,NA,NA,NA,0.001,NA,NA
87,2018,4.49,YES,ACI,birds,T,richness,acoustic,YES,Spatial_temporal,1201,4,2,spearman,NA,0.2,NA,NA,NA,NA,NA,0.001,NA,NA
87,2018,4.49,YES,ACI,birds,T,richness,acoustic,YES,Spatial_temporal,1201,4,2,spearman,NA,0.2,NA,NA,NA,NA,NA,0.001,NA,NA
87,2018,4.49,YES,ACI,birds,T,richness,acoustic,YES,Spatial_temporal,1201,4,2,spearman,NA,0.16,NA,NA,NA,NA,NA,0.001,NA,NA
87,2018,4.49,YES,ACI,birds,T,richness,acoustic,YES,Spatial_temporal,1201,4,2,spearman,NA,0.1,NA,NA,NA,NA,NA,0.001,NA,NA
87,2018,4.49,YES,ACI,birds,T,richness,acoustic,YES,Spatial_temporal,1201,4,2,spearman,NA,0.24,NA,NA,NA,NA,NA,0.001,NA,NA
87,2018,4.49,YES,ACI,birds,T,sound_abundance,acoustic,YES,Spatial_temporal,1976,4,1,spearman,NA,0.6,NA,NA,NA,NA,NA,0.001,NA,NA
87,2018,4.49,YES,ACI,birds,T,sound_abundance,acoustic,YES,Spatial_temporal,1976,4,1,spearman,NA,0.55,NA,NA,NA,NA,NA,0.001,NA,NA
87,2018,4.49,YES,ACI,birds,T,sound_abundance,acoustic,YES,Spatial_temporal,1976,4,1,spearman,NA,0.63,NA,NA,NA,NA,NA,0.001,NA,NA
87,2018,4.49,YES,ACI,birds,T,sound_abundance,acoustic,YES,Spatial_temporal,1976,4,1,spearman,NA,0.6,NA,NA,NA,NA,NA,0.001,NA,NA
87,2018,4.49,YES,ACI,birds,T,sound_abundance,acoustic,YES,Spatial_temporal,1976,4,1,spearman,NA,0.36,NA,NA,NA,NA,NA,0.001,NA,NA
87,2018,4.49,YES,ACI,several,T,sound_abundance,acoustic,YES,Spatial_temporal,1201,4,2,spearman,NA,-0.1,NA,NA,NA,NA,NA,0.01,NA,NA
87,2018,4.49,YES,ACI,several,T,sound_abundance,acoustic,YES,Spatial_temporal,1201,4,2,spearman,NA,-0.09,NA,NA,NA,NA,NA,0.01,NA,NA
87,2018,4.49,YES,ACI,several,T,sound_abundance,acoustic,YES,Spatial_temporal,1201,4,2,spearman,NA,-0.1,NA,NA,NA,NA,NA,0.01,NA,NA
87,2018,4.49,YES,ACI,several,T,sound_abundance,acoustic,YES,Spatial_temporal,1201,4,2,spearman,NA,-0.198,NA,NA,NA,NA,NA,0.001,NA,NA
87,2018,4.49,YES,ACI,several,T,sound_abundance,acoustic,YES,Spatial_temporal,1201,4,2,spearman,NA,0.1,NA,NA,NA,NA,NA,0.01,NA,NA
87,2018,4.49,YES,ADI,birds,T,richness,acoustic,YES,Spatial_temporal,1976,4,3,spearman,NA,-0.6,NA,NA,NA,NA,NA,0.001,NA,NA
87,2018,4.49,YES,ADI,birds,T,richness,acoustic,YES,Spatial_temporal,1201,4,4,spearman,NA,-0.196,NA,NA,NA,NA,NA,0.001,NA,NA
87,2018,4.49,YES,ADI,birds,T,sound_abundance,acoustic,YES,Spatial_temporal,1976,4,3,spearman,NA,-0.62,NA,NA,NA,NA,NA,0.001,NA,NA
87,2018,4.49,YES,ADI,several,T,sound_abundance,acoustic,YES,Spatial_temporal,1201,4,4,spearman,NA,-0.45,NA,NA,NA,NA,NA,0.001,NA,NA
87,2018,4.49,YES,AEI,birds,T,richness,acoustic,YES,Spatial_temporal,1976,4,3,spearman,NA,0.45,NA,NA,NA,NA,NA,0.001,NA,NA
87,2018,4.49,YES,AEI,birds,T,richness,acoustic,YES,Spatial_temporal,1201,4,4,spearman,NA,0.198,NA,NA,NA,NA,NA,0.001,NA,NA
87,2018,4.49,YES,AEI,birds,T,sound_abundance,acoustic,YES,Spatial_temporal,1976,4,3,spearman,NA,0.67,NA,NA,NA,NA,NA,0.001,NA,NA
87,2018,4.49,YES,AEI,several,T,sound_abundance,acoustic,YES,Spatial_temporal,1201,4,4,spearman,NA,0.5,NA,NA,NA,NA,NA,0.001,NA,NA
87,2018,4.49,YES,BIO,birds,T,richness,acoustic,YES,Spatial_temporal,1976,4,5,spearman,NA,0.65,NA,NA,NA,NA,NA,0.001,NA,NA
87,2018,4.49,YES,BIO,birds,T,richness,acoustic,YES,Spatial_temporal,1201,4,6,spearman,NA,0.198,NA,NA,NA,NA,NA,0.001,NA,NA
87,2018,4.49,YES,BIO,birds,T,sound_abundance,acoustic,YES,Spatial_temporal,1976,4,5,spearman,NA,0.7,NA,NA,NA,NA,NA,0.001,NA,NA
87,2018,4.49,YES,BIO,several,T,sound_abundance,acoustic,YES,Spatial_temporal,1201,4,6,spearman,NA,0.55,NA,NA,NA,NA,NA,0.001,NA,NA
87,2018,4.49,YES,Hf,birds,T,richness,acoustic,YES,Spatial_temporal,1976,4,6,spearman,NA,-0.5,NA,NA,NA,NA,NA,0.001,NA,NA
87,2018,4.49,YES,Hf,birds,T,richness,acoustic,YES,Spatial_temporal,1201,4,7,spearman,NA,-0.18,NA,NA,NA,NA,NA,0.001,NA,NA
87,2018,4.49,YES,Hf,birds,T,sound_abundance,acoustic,YES,Spatial_temporal,1976,4,6,spearman,NA,-0.6,NA,NA,NA,NA,NA,0.001,NA,NA
87,2018,4.49,YES,Hf,several,T,sound_abundance,acoustic,YES,Spatial_temporal,1201,4,7,spearman,NA,-0.55,NA,NA,NA,NA,NA,0.001,NA,NA
87,2018,4.49,YES,Ht,birds,T,richness,acoustic,YES,Spatial_temporal,1976,4,6,spearman,NA,-0.56,NA,NA,NA,NA,NA,0.001,NA,NA
87,2018,4.49,YES,Ht,birds,T,richness,acoustic,YES,Spatial_temporal,1201,4,7,spearman,NA,-0.18,NA,NA,NA,NA,NA,0.001,NA,NA
87,2018,4.49,YES,Ht,birds,T,sound_abundance,acoustic,YES,Spatial_temporal,1976,4,6,spearman,NA,-0.58,NA,NA,NA,NA,NA,0.001,NA,NA
87,2018,4.49,YES,Ht,several,T,sound_abundance,acoustic,YES,Spatial_temporal,1201,4,7,spearman,NA,-0.3,NA,NA,NA,NA,NA,0.001,NA,NA
87,2018,4.49,YES,NDSI,birds,T,richness,acoustic,YES,Spatial_temporal,1976,4,8,spearman,NA,0.3,NA,NA,NA,NA,NA,0.001,NA,NA
87,2018,4.49,YES,NDSI,birds,T,richness,acoustic,YES,Spatial_temporal,1201,4,9,spearman,NA,0.25,NA,NA,NA,NA,NA,0.001,NA,NA
87,2018,4.49,YES,NDSI,birds,T,sound_abundance,acoustic,YES,Spatial_temporal,1976,4,8,spearman,NA,0.39,NA,NA,NA,NA,NA,0.001,NA,NA
87,2018,4.49,YES,NDSI,several,T,sound_abundance,acoustic,YES,Spatial_temporal,1201,4,9,spearman,NA,0.39,NA,NA,NA,NA,NA,0.001,NA,NA
90,2018,NA,YES,ACI,birds,T,sound_richness,acoustic,NO,NA,7,7,1,spearman,NA,-0.107,NA,NA,NA,NA,NA,NA,NA,NA
90,2018,NA,YES,ACI,invertebrates,T,sound_richness,acoustic,NO,NA,7,7,1,spearman,NA,0.167,NA,NA,NA,NA,NA,NA,NA,NA
90,2018,NA,YES,ACI,anurans,T,sound_richness,acoustic,NO,NA,7,7,1,spearman,NA,0.053,NA,NA,NA,NA,NA,NA,NA,NA
90,2018,NA,YES,ACI,mammals,T,sound_richness,acoustic,NO,NA,7,7,1,spearman,NA,-0.057,NA,NA,NA,NA,NA,NA,NA,NA
90,2018,NA,YES,BIO,birds,T,sound_richness,acoustic,NO,NA,7,7,1,spearman,NA,-0.129,NA,NA,NA,NA,NA,NA,NA,NA
90,2018,NA,YES,BIO,invertebrates,T,sound_richness,acoustic,NO,NA,7,7,1,spearman,NA,-0.053,NA,NA,NA,NA,NA,NA,NA,NA
90,2018,NA,YES,BIO,anurans,T,sound_richness,acoustic,NO,NA,7,7,1,spearman,NA,-0.165,NA,NA,NA,NA,NA,NA,NA,NA
90,2018,NA,YES,BIO,mammals,T,sound_richness,acoustic,NO,NA,7,7,1,spearman,NA,-0.08,NA,NA,NA,NA,NA,NA,NA,NA
90,2018,NA,YES,ADI,birds,T,sound_richness,acoustic,NO,NA,7,7,1,lineal_regresion,NA,-0.442,NA,NA,NA,NA,NA,0.01,NA,NA
90,2018,NA,YES,ADI,invertebrates,T,sound_richness,acoustic,NO,NA,7,7,1,lineal_regresion,NA,0.673,NA,NA,NA,NA,NA,0.5,NA,NA
90,2018,NA,YES,ADI,anurans,T,sound_richness,acoustic,NO,NA,7,7,1,lineal_regresion,NA,0.773,NA,NA,NA,NA,NA,0.7,NA,NA
90,2018,NA,YES,ADI,mammals,T,sound_richness,acoustic,NO,NA,7,7,1,lineal_regresion,NA,0.365,NA,NA,NA,NA,NA,0.01,NA,NA
90,2018,NA,YES,H,birds,T,sound_richness,acoustic,NO,NA,7,7,1,spearman,NA,-0.449,NA,NA,NA,NA,NA,0.01,NA,NA
90,2018,NA,YES,H,invertebrates,T,sound_richness,acoustic,NO,NA,7,7,1,spearman,NA,0.697,NA,NA,NA,NA,NA,0.5,NA,NA
90,2018,NA,YES,H,anurans,T,sound_richness,acoustic,NO,NA,7,7,1,spearman,NA,0.824,NA,NA,NA,NA,NA,0.7,NA,NA
90,2018,NA,YES,H,mammals,T,sound_richness,acoustic,NO,NA,7,7,1,spearman,NA,0.379,NA,NA,NA,NA,NA,0.01,NA,NA
90,2018,NA,YES,NDSI,birds,T,sound_richness,acoustic,NO,NA,7,7,1,spearman,NA,-0.488,NA,NA,NA,NA,NA,0.01,NA,NA
90,2018,NA,YES,NDSI,invertebrates,T,sound_richness,acoustic,NO,NA,7,7,1,spearman,NA,0.673,NA,NA,NA,NA,NA,0.5,NA,NA
90,2018,NA,YES,NDSI,anurans,T,sound_richness,acoustic,NO,NA,7,7,1,spearman,NA,0.819,NA,NA,NA,NA,NA,0.7,NA,NA
90,2018,NA,YES,NDSI,mammals,T,sound_richness,acoustic,NO,NA,7,7,1,spearman,NA,0.407,NA,NA,NA,NA,NA,0.01,NA,NA
90,2018,NA,YES,AEI,birds,T,sound_richness,acoustic,NO,NA,7,7,1,spearman,NA,0.52,NA,NA,NA,NA,NA,0.5,NA,NA
90,2018,NA,YES,AEI,invertebrates,T,sound_richness,acoustic,NO,NA,7,7,1,spearman,NA,-0.59,NA,NA,NA,NA,NA,0.5,NA,NA
90,2018,NA,YES,AEI,anurans,T,sound_richness,acoustic,NO,NA,7,7,1,spearman,NA,-0.731,NA,NA,NA,NA,NA,0.7,NA,NA
90,2018,NA,YES,AEI,mammals,T,sound_richness,acoustic,NO,NA,7,7,1,spearman,NA,-0.397,NA,NA,NA,NA,NA,0.01,NA,NA
92,2018,1.95,YES,ACI,mammals,T,abundance,no_acoustic,NO,NA,258,258,1,LMM,0.386,NA,NA,0.106,10.473,NA,NA,0.001,1.109,0.95
92,2018,1.95,YES,AR,mammals,T,abundance,no_acoustic,NO,NA,258,258,1,LMM,NA,NA,NA,0.076,-0.426,NA,NA,0.671,-0.302,NA
92,2018,1.95,YES,ADI,mammals,T,abundance,no_acoustic,NO,NA,258,258,1,LMM,NA,NA,NA,0.015,-0.279,NA,NA,0.78,-0.004,NA
92,2018,1.95,YES,H,mammals,T,abundance,no_acoustic,NO,NA,258,258,1,LMM,0.219,NA,NA,0.008,2.253,NA,NA,0.001,0.018,0.95
96,2018,NA,YES,AEI,birds,T,richness,no_acoustic,YES,Spatial_temporal,48,12,1,spearman,NA,-0.38,NA,NA,NA,NA,NA,0.224,NA,NA
96,2018,NA,YES,AEI,birds,T,abundance,no_acoustic,YES,Spatial_temporal,48,12,1,spearman,NA,0.613,NA,NA,NA,NA,NA,0.034,NA,NA
96,2018,NA,YES,AEI,birds,T,diversity,no_acoustic,YES,Spatial_temporal,48,12,1,spearman,NA,-0.455,NA,NA,NA,NA,NA,0.14,NA,NA
96,2018,NA,YES,AEI,birds,T,diversity,no_acoustic,YES,Spatial_temporal,48,12,1,spearman,NA,-0.495,NA,NA,NA,NA,NA,0.102,NA,NA
96,2018,NA,YES,ADI,birds,T,richness,no_acoustic,YES,Spatial_temporal,48,12,1,spearman,NA,0.46,NA,NA,NA,NA,NA,0.132,NA,NA
96,2018,NA,YES,ADI,birds,T,abundance,no_acoustic,YES,Spatial_temporal,48,12,1,spearman,NA,-0.644,NA,NA,NA,NA,NA,0.024,NA,NA
96,2018,NA,YES,ADI,birds,T,diversity,no_acoustic,YES,Spatial_temporal,48,12,1,spearman,NA,0.538,NA,NA,NA,NA,NA,0.075,NA,NA
96,2018,NA,YES,ADI,birds,T,diversity,no_acoustic,YES,Spatial_temporal,48,12,1,spearman,NA,0.512,NA,NA,NA,NA,NA,0.089,NA,NA
96,2018,NA,YES,ACI,birds,T,richness,no_acoustic,YES,Spatial_temporal,48,12,1,spearman,NA,-0.643,NA,NA,NA,NA,NA,0.024,NA,NA
96,2018,NA,YES,ACI,birds,T,abundance,no_acoustic,YES,Spatial_temporal,48,12,1,spearman,NA,0.606,NA,NA,NA,NA,NA,0.037,NA,NA
96,2018,NA,YES,ACI,birds,T,diversity,no_acoustic,YES,Spatial_temporal,48,12,1,spearman,NA,-0.741,NA,NA,NA,NA,NA,0.008,NA,NA
96,2018,NA,YES,ACI,birds,T,diversity,no_acoustic,YES,Spatial_temporal,48,12,1,spearman,NA,-0.386,NA,NA,NA,NA,NA,0.215,NA,NA
96,2018,NA,YES,BIO,birds,T,richness,no_acoustic,YES,Spatial_temporal,48,12,1,spearman,NA,-0.482,NA,NA,NA,NA,NA,0.113,NA,NA
96,2018,NA,YES,BIO,birds,T,abundance,no_acoustic,YES,Spatial_temporal,48,12,1,spearman,NA,0.487,NA,NA,NA,NA,NA,0.108,NA,NA
96,2018,NA,YES,BIO,birds,T,diversity,no_acoustic,YES,Spatial_temporal,48,12,1,spearman,NA,-0.643,NA,NA,NA,NA,NA,0.028,NA,NA
96,2018,NA,YES,BIO,birds,T,diversity,no_acoustic,YES,Spatial_temporal,48,12,1,spearman,NA,-0.495,NA,NA,NA,NA,NA,0.102,NA,NA
96,2018,NA,YES,NDSI,birds,T,richness,no_acoustic,YES,Spatial_temporal,48,12,1,spearman,NA,0.366,NA,NA,NA,NA,NA,0.243,NA,NA
96,2018,NA,YES,NDSI,birds,T,abundance,no_acoustic,YES,Spatial_temporal,48,12,1,spearman,NA,-0.091,NA,NA,NA,NA,NA,0.778,NA,NA
96,2018,NA,YES,NDSI,birds,T,diversity,no_acoustic,YES,Spatial_temporal,48,12,1,spearman,NA,0.294,NA,NA,NA,NA,NA,0.354,NA,NA
96,2018,NA,YES,NDSI,birds,T,diversity,no_acoustic,YES,Spatial_temporal,48,12,1,spearman,NA,0.26,NA,NA,NA,NA,NA,0.415,NA,NA
96,2018,NA,YES,H,birds,T,richness,no_acoustic,YES,Spatial_temporal,48,12,1,spearman,NA,0.503,NA,NA,NA,NA,NA,0.096,NA,NA
96,2018,NA,YES,H,birds,T,abundance,no_acoustic,YES,Spatial_temporal,48,12,1,spearman,NA,-0.357,NA,NA,NA,NA,NA,0.254,NA,NA
96,2018,NA,YES,H,birds,T,diversity,no_acoustic,YES,Spatial_temporal,48,12,1,spearman,NA,0.42,NA,NA,NA,NA,NA,0.177,NA,NA
96,2018,NA,YES,H,birds,T,diversity,no_acoustic,YES,Spatial_temporal,48,12,1,spearman,NA,0.263,NA,NA,NA,NA,NA,0.409,NA,NA
96,2018,NA,YES,M,birds,T,richness,no_acoustic,YES,Spatial_temporal,48,12,1,spearman,NA,-0.566,NA,NA,NA,NA,NA,0.055,NA,NA
96,2018,NA,YES,M,birds,T,abundance,no_acoustic,YES,Spatial_temporal,48,12,1,spearman,NA,0.441,NA,NA,NA,NA,NA,0.151,NA,NA
96,2018,NA,YES,M,birds,T,diversity,no_acoustic,YES,Spatial_temporal,48,12,1,spearman,NA,-0.587,NA,NA,NA,NA,NA,0.049,NA,NA
96,2018,NA,YES,M,birds,T,diversity,no_acoustic,YES,Spatial_temporal,48,12,1,spearman,NA,-0.533,NA,NA,NA,NA,NA,0.074,NA,NA
96,2018,NA,YES,NP,birds,T,richness,no_acoustic,YES,Spatial_temporal,48,12,1,spearman,NA,0.545,NA,NA,NA,NA,NA,0.067,NA,NA
96,2018,NA,YES,NP,birds,T,abundance,no_acoustic,YES,Spatial_temporal,48,12,1,spearman,NA,-0.518,NA,NA,NA,NA,NA,0.084,NA,NA
96,2018,NA,YES,NP,birds,T,diversity,no_acoustic,YES,Spatial_temporal,48,12,1,spearman,NA,0.678,NA,NA,NA,NA,NA,0.019,NA,NA
96,2018,NA,YES,NP,birds,T,diversity,no_acoustic,YES,Spatial_temporal,48,12,1,spearman,NA,0.358,NA,NA,NA,NA,NA,0.253,NA,NA
10,2016,4.259,YES,ACI,invertebrates,A,sound_abundance,acoustic,NO,NA,36,36,1,lineal_regresion,NA,0,NA,NA,NA,NA,NA,0.94,0,NA
10,2016,4.259,YES,ACI,invertebrates,A,sound_abundance,acoustic,NO,NA,36,36,2,lineal_regresion,NA,0.17,NA,NA,NA,NA,NA,0,0.2,NA
10,2016,4.259,YES,ACI,invertebrates,A,sound_abundance,acoustic,NO,NA,36,36,3,lineal_regresion,NA,0.21,NA,NA,NA,NA,NA,0,0.3,NA
10,2016,4.259,YES,ACI,invertebrates,A,sound_abundance,acoustic,NO,NA,36,36,4,lineal_regresion,NA,0.19,NA,NA,NA,NA,NA,0,0.2,NA
10,2016,4.259,YES,ACI,invertebrates,A,sound_abundance,acoustic,NO,NA,36,36,5,lineal_regresion,NA,0.25,NA,NA,NA,NA,NA,0,0.2,NA
10,2016,4.259,YES,ACI,invertebrates,A,sound_abundance,acoustic,NO,NA,36,36,6,lineal_regresion,NA,0.27,NA,NA,NA,NA,NA,0,0.7,NA
10,2016,4.259,YES,ACI,invertebrates,A,sound_abundance,acoustic,NO,NA,36,36,7,lineal_regresion,NA,0.7,NA,NA,NA,NA,NA,0,0.2,NA
10,2016,4.259,YES,ACI,invertebrates,A,sound_abundance,acoustic,NO,NA,36,36,8,lineal_regresion,NA,0.78,NA,NA,NA,NA,NA,0,2.7,NA
10,2016,4.259,YES,ACI,invertebrates,A,sound_abundance,acoustic,NO,NA,36,36,9,lineal_regresion,NA,0.77,NA,NA,NA,NA,NA,0,2.9,NA
10,2016,4.259,YES,ACI,invertebrates,A,sound_abundance,acoustic,NO,NA,36,36,10,lineal_regresion,NA,0.73,NA,NA,NA,NA,NA,0,2.1,NA
10,2016,4.259,YES,ACI,invertebrates,A,sound_abundance,acoustic,NO,NA,36,36,11,lineal_regresion,NA,0.64,NA,NA,NA,NA,NA,0,0.4,NA
10,2016,4.259,YES,ACI,fish,A,sound_abundance,acoustic,NO,NA,36,36,1,lineal_regresion,NA,0.1,NA,NA,NA,NA,NA,0.09,0.001,NA
10,2016,4.259,YES,ACI,fish,A,sound_abundance,acoustic,NO,NA,36,36,2,lineal_regresion,NA,0.68,NA,NA,NA,NA,NA,0,0.01,NA
10,2016,4.259,YES,ACI,fish,A,sound_abundance,acoustic,NO,NA,36,36,3,lineal_regresion,NA,0.85,NA,NA,NA,NA,NA,0,0.01,NA
10,2016,4.259,YES,ACI,fish,A,sound_abundance,acoustic,NO,NA,36,36,4,lineal_regresion,NA,0.72,NA,NA,NA,NA,NA,0,0.01,NA
10,2016,4.259,YES,ACI,fish,A,sound_abundance,acoustic,NO,NA,36,36,5,lineal_regresion,NA,0.12,NA,NA,NA,NA,NA,0,0.001,NA
10,2016,4.259,YES,ACI,fish,A,sound_abundance,acoustic,NO,NA,36,36,6,lineal_regresion,NA,0.05,NA,NA,NA,NA,NA,0.36,0.001,NA
10,2016,4.259,YES,ACI,fish,A,sound_abundance,acoustic,NO,NA,36,36,7,lineal_regresion,NA,0.33,NA,NA,NA,NA,NA,0,0.002,NA
10,2016,4.259,YES,ACI,fish,A,sound_abundance,acoustic,NO,NA,36,36,8,lineal_regresion,NA,0.31,NA,NA,NA,NA,NA,0,0.002,NA
10,2016,4.259,YES,ACI,fish,A,sound_abundance,acoustic,NO,NA,36,36,9,lineal_regresion,NA,0.36,NA,NA,NA,NA,NA,0,0.004,NA
10,2016,4.259,YES,ACI,fish,A,sound_abundance,acoustic,NO,NA,36,36,10,lineal_regresion,NA,0.22,NA,NA,NA,NA,NA,0,0.005,NA
10,2016,4.259,YES,ACI,fish,A,sound_abundance,acoustic,NO,NA,36,36,11,lineal_regresion,NA,0.33,NA,NA,NA,NA,NA,0,0.001,NA
15,2016,4.81,YES,H,invertebrates,T,richness,acoustic,NO,NA,4,4,1,pearson,NA,0.956,NA,NA,NA,NA,NA,NA,NA,NA
15,2016,4.81,YES,H,invertebrates,T,richness,acoustic,NO,NA,4,4,2,pearson,NA,1,NA,NA,NA,NA,NA,NA,NA,NA
15,2016,4.81,YES,H,invertebrates,T,richness,acoustic,NO,NA,4,4,3,pearson,NA,0.983,NA,NA,NA,NA,NA,NA,NA,NA
41,2011,0,NO,H,invertebrates,T,diversity,no_acoustic,NO,NA,6,6,1,bivariate_correlation,NA,-0.142,NA,NA,NA,NA,NA,0.789,NA,NA
41,2011,0,NO,H,birds,T,sound_abundance,acoustic,NO,NA,6,6,1,bivariate_correlation,NA,0.147,NA,NA,NA,NA,NA,0.782,NA,NA
45,2012,0,NO,NDSI,birds,T,richness,no_acoustic,NO,NA,36,36,1,multiple_regresion,0.525,0.724,NA,NA,NA,20.3,NA,0,NA,NA
45,2012,0,NO,NDSI,birds,T,richness,acoustic,NO,NA,36,36,1,lineal_regresion,0.294,0.542,NA,NA,NA,NA,NA,0.001,13.978,NA
45,2012,0,NO,NDSI,birds,T,diversity,no_acoustic,NO,NA,36,36,1,multiple_regresion,0.537,0.732,NA,NA,NA,21.25,NA,0,NA,NA
1132,2012,2.89,YES,AR,birds,T,richness,acoustic,NO,NA,12,12,1,pearson,NA,0.939,NA,NA,NA,NA,NA,NA,NA,NA
44,2017,4.994,YES,ADI,birds,T,richness,acoustic,NO,NA,30,30,1,lineal_regresion,0.207,0.455,NA,NA,NA,7.328,NA,0.011,NA,NA
44,2017,4.994,YES,NDSI,birds,T,richness,acoustic,NO,NA,30,30,1,lineal_regresion,0.028,0.167,NA,NA,NA,0.823,NA,0.372,NA,NA
